Date,sensex_open,asp_close,asp_value,ab_close,ab_value,bf_close,bf_value,bfv_close,bfv_value,ba_close,ba_value,dr_close,dr_value,hcl_close,hcl_value,hdfc_close,hdfc_value,hdb_close,hdb_value,hul_close,hul_value,icici_close,icici_value,ib_close,ib_value,ifs_close,ifs_value,itc_close,itc_value,kmb_close,kmb_value,lt_close,lt_value,mm_close,mm_value,maruthi_close,maruthi_value,nestle_close,nestle_value,ntpc_close,ntpc_value,pg_close,pg_value,ri_close,ri_value,sbi_close,sbi_value,sun_close,sun_value,ts_close,ts_value,tcs_close,tcs_value,tm_close,tm_value,titan_close,titan_value,uc_close,uc_value,wipro_close,wipro_value
31-03-2022,58779.71,3081.75,2.03,761.15,1.56,7259.10,2.81,1705.21,1.89,755.40,2.63,4295.45,2.51,1163.35,1.15,2388.65,2.54,1469.95,1.28,2048.65,1.78,730.25,1.35,935.10,1.47,1907.20,0.98,250.80,1.94,1754.70,1.77,1767.45,1.40,805.80,1.87,7559.90,1.64,17376.80,1.27,134.95,0.89,216.85,1.14,2633.95,1.68,493.40,1.06,914.80,1.77,130.71,1.61,3738.80,0.91,1499.30,1.47,2536.15,1.11,6602.15,1.71,592.00,2.25
30-03-2022,58362.85,3080.15,1.22,750.45,3.31,7254.00,2.70,1712.75,4.71,749.40,3.37,4354.40,1.92,1166.00,1.72,2385.90,1.70,1476.40,1.99,2015.90,1.20,730.05,1.77,926.45,2.40,1917.70,1.23,249.15,3.10,1762.00,1.74,1773.35,1.34,793.15,2.42,7600.35,1.82,17295.55,1.69,135.00,1.65,216.45,3.02,2673.00,2.68,494.20,1.64,920.35,1.50,130.79,2.76,3730.65,0.83,1496.15,3.53,2523.55,2.12,6638.90,2.08,600.65,1.61
29-03-2022,57814.76,3043.55,2.50,737.80,1.46,7036.75,1.03,1649.68,1.23,754.55,3.50,4323.55,2.55,1168.40,0.95,2337.20,3.03,1452.95,2.10,1987.05,1.05,715.25,1.56,929.45,2.09,1885.90,1.55,254.65,1.48,1730.75,1.26,1745.40,1.54,773.20,1.59,7437.90,2.23,16922.85,1.04,134.35,1.46,211.20,2.24,2622.15,1.10,494.95,1.93,919.50,2.05,133.44,1.60,3704.95,0.84,1521.80,1.21,2538.90,1.31,6527.25,2.90,602.60,0.98
28-03-2022,57472.72,3026.80,2.04,736.00,3.20,7000.05,2.40,1651.90,2.81,733.35,3.81,4285.45,2.92,1163.70,2.42,2267.75,3.54,1432.90,2.51,1975.10,2.56,710.25,2.52,934.95,2.39,1873.45,1.48,257.20,2.14,1725.00,2.16,1741.25,1.93,769.85,2.75,7476.90,1.66,16863.45,2.92,134.80,1.34,212.25,2.43,2621.65,1.63,497.40,3.46,904.85,1.25,133.90,2.03,3706.05,1.42,1524.15,1.40,2535.85,2.48,6355.90,2.37,600.10,1.84
25-03-2022,57801.72,3046.40,2.39,721.25,1.56,6972.55,1.83,1634.09,1.67,709.25,1.22,4361.45,1.98,1180.35,2.03,2304.20,2.06,1431.75,2.28,1953.00,1.65,699.15,1.59,925.20,1.77,1876.40,1.98,253.30,2.61,1722.05,1.13,1750.90,2.10,764.70,2.12,7419.45,2.08,17177.10,1.76,134.70,1.49,209.60,1.96,2596.70,1.47,490.35,1.31,902.10,2.06,133.88,2.41,3707.95,2.86,1532.00,3.44,2524.60,4.49,6314.60,1.62,603.65,2.77
24-03-2022,57190.05,3023.50,2.95,722.25,1.59,6998.15,2.19,1637.76,1.92,706.25,1.66,4328.50,6.02,1191.60,2.06,2310.90,2.23,1442.70,2.17,1965.90,2.05,704.30,1.91,924.85,2.43,1886.85,2.22,254.85,2.03,1713.40,1.76,1771.05,1.41,765.85,2.25,7554.45,1.63,17392.85,1.38,135.40,1.99,210.75,1.54,2577.90,2.84,487.00,2.24,907.65,3.24,135.02,2.53,3750.00,1.56,1568.85,2.54,2618.70,3.31,6345.70,2.74,610.85,1.20
23-03-2022,58198.64,3016.15,2.49,726.75,2.52,6998.15,1.94,1639.38,2.33,705.05,2.40,4127.30,3.69,1179.90,1.74,2346.20,3.47,1475.65,3.67,1978.55,2.09,718.20,1.76,931.40,1.69,1871.85,2.31,251.95,2.07,1767.95,3.86,1767.05,1.76,774.15,2.77,7643.80,3.31,17349.10,1.38,133.45,1.06,210.10,1.13,2539.70,1.54,490.65,2.70,900.55,3.37,133.05,4.27,3708.25,1.09,1541.85,2.11,2689.40,2.39,6235.25,2.11,611.10,1.16
22-03-2022,57297.57,3051.70,2.95,731.40,4.20,6985.00,3.56,1650.10,4.04,719.25,2.10,4030.35,2.19,1177.15,1.69,2402.80,2.72,1494.45,2.80,1993.50,4.30,718.75,3.03,927.30,3.10,1887.30,2.71,249.80,2.94,1808.65,3.16,1773.90,3.21,784.60,2.48,7763.55,3.57,17415.65,3.22,132.85,1.78,208.70,2.65,2531.10,3.30,493.90,3.82,913.90,2.16,130.24,3.26,3700.95,2.39,1538.45,4.65,2712.80,2.68,6210.55,2.66,609.90,2.52
21-03-2022,58030.41,3045.75,3.06,725.90,3.55,6869.95,2.54,1617.73,1.71,709.35,2.99,4004.95,2.16,1168.80,3.86,2391.25,2.80,1486.05,1.49,2051.20,3.17,710.60,2.35,913.00,2.76,1852.60,2.45,244.40,1.64,1775.20,3.06,1756.40,3.67,783.05,1.78,7703.50,3.61,17859.55,3.88,132.95,1.29,204.90,5.18,2467.15,1.71,490.60,2.77,914.45,2.10,130.23,3.00,3625.25,2.74,1481.65,2.91,2705.70,2.53,6193.85,3.19,600.15,2.98
17-03-2022,57620.28,3135.00,2.56,739.25,1.40,6996.85,1.80,1637.74,1.99,722.80,1.82,4042.15,2.63,1196.55,2.04,2416.50,3.85,1480.25,1.37,2102.05,1.65,719.95,1.26,932.80,2.08,1854.40,4.92,244.85,1.11,1819.25,2.43,1787.50,2.03,794.60,2.95,7691.65,2.72,18269.40,3.13,132.90,1.74,211.50,2.38,2479.65,3.99,501.75,1.10,910.75,2.57,130.34,3.76,3675.20,1.33,1491.90,1.35,2703.25,4.60,6373.00,1.98,601.30,1.99
16-03-2022,56578.51,3041.60,1.30,723.85,2.38,6840.10,2.30,1611.69,2.10,712.60,1.42,3943.80,2.16,1199.30,1.48,2288.30,1.89,1447.85,1.27,2072.15,2.36,708.05,1.45,928.20,2.81,1888.65,2.32,242.60,1.70,1761.35,1.22,1756.45,1.32,773.30,1.24,7484.35,2.09,17804.00,2.26,132.65,1.14,209.30,1.22,2403.25,1.29,492.55,0.95,888.80,2.21,126.52,2.50,3654.25,1.86,1489.50,1.78,2586.95,1.06,6303.55,3.73,597.90,1.16
15-03-2022,56663.87,2986.50,2.20,698.15,3.31,6664.85,2.12,1570.90,2.65,703.35,2.02,3899.85,3.07,1176.90,3.88,2238.90,3.44,1423.80,2.68,2038.20,2.76,697.35,2.90,895.95,3.88,1839.15,3.44,237.80,2.31,1733.40,4.55,1743.40,2.23,760.85,3.00,7417.25,4.15,17475.65,1.69,131.10,1.84,209.45,2.95,2363.45,3.87,485.90,2.03,891.95,3.02,123.36,5.33,3595.40,2.03,1459.05,4.79,2555.70,1.38,6020.90,3.27,587.65,3.32
14-03-2022,55614.40,2962.50,1.85,710.05,4.00,6665.00,2.97,1567.19,1.79,700.55,2.39,3957.30,1.77,1202.75,3.11,2276.60,3.02,1442.40,2.76,2059.30,2.39,696.10,3.05,907.70,2.40,1890.80,3.71,239.00,1.76,1789.05,2.92,1747.30,2.28,743.65,2.86,7314.50,4.63,17376.95,1.71,132.10,1.57,213.35,2.08,2418.55,2.08,485.15,3.32,892.30,2.40,129.71,2.60,3642.70,1.90,1503.00,1.53,2538.00,2.62,6038.70,1.82,597.95,2.44
11-03-2022,55218.78,2932.65,1.96,690.85,2.79,6627.20,2.88,1556.48,3.04,694.80,1.53,3975.60,3.18,1193.55,2.57,2232.05,3.16,1397.00,2.57,2094.40,1.94,678.05,2.07,901.50,2.48,1822.30,1.20,236.20,2.95,1763.90,2.49,1727.80,1.69,735.70,1.78,7106.65,1.78,17322.80,2.49,131.90,1.44,212.45,2.58,2398.50,1.62,470.40,2.76,902.15,4.48,130.15,3.33,3600.70,1.33,1486.95,1.33,2494.70,1.97,6025.30,2.38,586.20,1.24
10-03-2022,56242.47,2911.20,5.47,694.95,4.67,6583.50,4.58,1546.69,3.55,697.55,2.40,3892.50,2.86,1192.15,1.96,2238.90,4.18,1392.10,3.34,2101.95,3.17,676.55,4.01,904.15,4.19,1824.80,2.08,232.00,2.02,1753.75,4.42,1728.35,2.98,738.50,4.60,7206.25,3.04,17633.95,2.55,132.90,2.31,208.90,2.08,2393.25,2.33,468.60,3.17,868.95,1.76,130.84,5.85,3620.10,1.95,1485.00,3.60,2467.00,2.91,6051.35,4.24,587.75,2.07
09-03-2022,53793.99,2875.10,8.44,674.20,3.25,6473.00,6.53,1501.88,5.53,691.45,3.51,3930.45,2.55,1182.40,2.85,2194.35,4.42,1370.75,4.20,1997.90,2.87,667.15,2.50,875.45,4.90,1813.45,2.35,229.10,2.28,1739.25,3.29,1691.45,2.99,735.10,5.64,7029.80,4.41,17147.35,1.64,131.50,2.94,208.05,4.55,2353.80,5.94,451.90,3.57,867.85,2.98,125.48,2.24,3633.35,1.53,1504.30,3.36,2432.90,3.55,6018.30,4.08,585.30,2.47
08-03-2022,52430.06,2723.65,3.74,670.40,5.77,6157.15,5.12,1445.61,4.25,682.90,2.86,3868.55,3.99,1175.25,2.08,2151.70,5.60,1327.05,3.29,1949.00,2.97,664.95,4.03,840.30,3.75,1778.45,4.96,226.90,2.01,1723.60,3.30,1659.10,4.45,700.50,4.72,6805.20,4.76,17299.70,3.20,133.60,4.42,212.05,6.51,2236.70,2.97,440.20,4.00,855.55,4.49,126.93,4.22,3599.95,4.34,1462.60,3.57,2369.95,3.94,5831.85,4.31,587.10,3.30
07-03-2022,53172.51,2708.50,4.80,667.55,7.54,6122.55,4.63,1436.82,5.68,675.60,6.28,3769.40,3.38,1153.70,4.63,2120.65,2.95,1323.70,2.56,1943.95,2.76,652.35,3.82,834.10,8.54,1739.55,3.28,224.80,3.09,1713.85,3.01,1634.30,4.14,689.30,6.72,6769.00,4.61,17342.50,2.11,130.00,2.88,213.10,3.06,2239.95,4.01,440.35,4.58,822.70,2.37,129.18,2.99,3485.30,5.86,1424.25,3.74,2389.75,4.25,5698.95,5.84,571.50,3.00
04-03-2022,54653.59,2738.95,7.85,715.00,3.16,6539.25,3.08,1532.99,3.09,653.00,2.76,3828.65,6.02,1138.05,2.81,2219.85,2.66,1366.60,3.66,2019.50,5.20,688.20,3.13,903.00,3.52,1723.55,3.26,225.45,4.79,1753.90,3.24,1711.70,2.97,732.10,3.97,7244.35,5.21,17389.60,3.09,130.25,2.70,214.95,3.03,2325.35,1.90,461.95,2.76,830.20,3.70,127.74,3.65,3525.20,2.19,1453.60,4.36,2443.60,5.76,6050.15,6.02,575.05,4.68
03-03-2022,55914.45,2871.45,6.69,737.65,3.69,6747.85,3.24,1570.13,5.11,671.80,1.64,3718.85,5.25,1139.75,2.78,2274.85,1.90,1370.25,2.14,2091.00,3.90,698.30,4.06,910.70,2.09,1720.55,1.65,219.35,1.92,1789.85,2.58,1751.95,3.88,761.80,5.15,7598.10,4.95,17450.80,3.01,131.85,2.42,217.90,3.89,2378.20,1.88,467.30,4.15,819.95,2.13,130.32,2.65,3544.45,1.35,1427.30,2.73,2573.55,3.08,5981.85,8.04,569.60,2.74
02-03-2022,55629.30,3028.80,4.11,750.25,4.34,6830.20,2.74,1606.19,3.30,673.90,3.03,3853.15,6.23,1116.55,1.67,2277.45,3.28,1374.55,3.17,2149.10,1.50,714.70,2.03,905.35,2.65,1703.10,1.37,215.25,1.81,1803.45,2.51,1784.05,3.27,776.30,5.39,7813.85,6.05,17840.10,2.35,130.95,3.45,210.85,4.98,2398.40,2.97,474.40,2.76,819.75,3.50,128.85,7.59,3544.35,1.82,1393.50,2.72,2592.55,3.00,6395.90,2.96,555.30,1.44
28-02-2022,55329.46,3172.65,5.80,742.40,1.86,7001.85,3.22,1600.73,4.71,686.25,3.43,4063.40,2.41,1126.65,2.38,2365.00,2.80,1426.70,1.68,2172.10,2.83,742.45,4.01,921.00,2.42,1717.30,3.78,215.75,2.68,1842.65,2.06,1816.90,3.88,790.95,2.62,8312.35,2.73,17603.05,2.48,133.50,4.36,209.20,7.30,2359.10,5.43,483.30,2.51,843.35,3.90,122.09,8.41,3554.55,3.10,1411.00,4.06,2544.65,5.16,6569.75,2.48,555.85,2.94
25-02-2022,55321.72,3120.05,1.83,758.05,3.72,6969.15,3.38,1577.16,3.03,688.45,2.54,4176.60,2.41,1129.90,2.78,2402.60,2.11,1455.65,2.38,2170.70,1.57,730.45,2.55,926.90,4.26,1693.90,2.49,214.05,2.68,1858.30,3.59,1777.65,1.92,807.70,2.84,8354.50,3.10,17706.50,1.80,130.30,5.18,197.30,3.13,2283.95,1.38,482.85,2.87,830.75,2.42,114.52,5.38,3519.70,2.25,1389.50,3.71,2467.90,1.99,6570.65,2.32,555.30,3.03
24-02-2022,55418.45,3067.75,4.63,730.30,6.05,6626.10,4.64,1524.64,4.45,670.75,6.72,4092.50,2.45,1098.80,3.31,2341.85,2.97,1419.60,4.64,2171.40,3.78,707.25,3.45,875.80,7.24,1677.50,2.67,208.30,3.04,1793.80,5.39,1757.50,2.82,795.85,5.15,8209.35,5.13,17727.75,2.27,124.20,4.24,190.90,3.29,2255.60,4.34,472.65,4.46,818.20,2.66,107.50,4.81,3402.25,2.89,1332.70,3.93,2406.65,2.87,6420.50,4.06,536.85,4.59
23-02-2022,57632.94,3239.60,2.46,777.20,1.72,7050.20,1.23,1614.64,2.15,704.25,1.56,4200.95,1.67,1152.50,1.01,2437.50,2.03,1501.90,1.96,2260.40,0.96,744.70,1.85,950.70,2.05,1743.35,1.40,215.95,1.14,1887.75,3.68,1822.05,2.26,849.75,2.85,8701.20,1.50,17949.45,2.24,130.00,2.77,198.10,0.86,2373.80,1.61,498.55,1.66,840.25,1.71,113.88,1.58,3565.30,2.36,1414.00,1.14,2491.10,2.94,6784.50,1.96,567.40,1.67
22-02-2022,56438.64,3228.20,3.61,779.15,2.73,7010.00,3.47,1622.23,6.29,699.90,2.02,4218.50,1.92,1148.95,3.05,2454.05,3.70,1511.45,2.16,2269.95,1.33,751.40,2.99,939.30,3.76,1734.15,3.55,214.95,1.81,1841.85,4.11,1842.85,3.00,852.30,3.90,8626.25,3.27,18091.30,2.01,132.05,3.56,198.10,3.39,2388.20,2.09,498.20,1.99,846.05,2.84,113.85,4.18,3586.65,2.58,1412.90,3.28,2445.05,3.03,6751.00,1.56,564.10,2.36
21-02-2022,57563.80,3248.60,2.27,788.85,2.67,7006.10,2.40,1600.40,2.84,709.80,1.92,4298.25,3.13,1165.00,1.65,2438.95,1.55,1521.75,2.30,2294.80,0.84,754.30,3.12,952.55,2.49,1730.60,2.71,218.10,1.84,1826.35,2.68,1863.05,1.89,841.00,2.16,8611.95,3.27,18090.45,1.88,131.85,2.36,198.10,1.66,2400.15,2.17,511.85,2.53,842.95,2.84,118.15,2.33,3720.25,3.32,1418.35,2.10,2453.35,3.12,6817.75,2.41,570.65,3.15
18-02-2022,57488.39,3261.80,1.21,787.40,1.48,7032.15,1.64,1610.13,1.65,712.70,1.59,4321.15,1.84,1164.15,1.65,2440.85,2.06,1512.65,1.76,2312.55,1.47,749.55,1.56,955.55,1.81,1707.10,1.13,221.85,0.95,1826.15,1.54,1883.95,1.92,850.75,2.66,8555.35,1.60,18059.00,3.60,132.35,1.71,195.80,2.48,2424.15,1.45,515.45,2.05,863.55,1.29,119.08,1.89,3794.80,1.60,1437.70,1.88,2487.55,1.54,6915.55,2.42,562.50,1.76
17-02-2022,58217.69,3265.35,1.76,782.80,2.75,7084.45,2.19,1617.56,2.11,717.15,1.66,4301.00,0.98,1162.30,1.12,2410.60,2.71,1506.30,1.31,2307.55,1.63,750.05,2.81,955.85,2.78,1725.35,1.56,222.65,1.61,1818.25,1.79,1867.20,1.57,861.75,1.99,8546.10,1.56,18084.55,3.36,132.65,1.96,197.10,1.45,2444.90,1.82,512.80,1.71,862.00,1.20,119.05,1.96,3784.45,1.46,1447.20,1.37,2493.35,2.04,7048.20,2.63,564.85,1.99
16-02-2022,58310.68,3258.15,1.86,797.05,2.41,7072.90,2.44,1627.99,2.48,721.40,2.87,4316.45,3.05,1169.00,1.93,2370.00,2.69,1516.05,1.76,2286.50,1.26,765.35,2.28,968.15,2.61,1732.75,1.62,222.45,1.31,1828.70,2.92,1860.10,2.35,864.00,2.71,8584.65,2.24,18244.35,1.94,133.15,2.86,196.25,2.68,2412.35,1.50,516.35,2.69,869.15,1.56,119.21,2.61,3813.55,1.32,1443.70,2.42,2487.85,2.38,7184.65,2.25,564.25,2.24
15-02-2022,56731.56,3264.20,4.37,796.95,4.55,7137.90,5.88,1636.58,4.88,711.35,3.69,4277.55,2.53,1168.75,2.27,2339.90,2.56,1518.20,3.55,2290.10,3.67,776.15,4.61,970.45,5.33,1738.25,3.25,223.00,2.17,1812.65,4.14,1877.05,4.25,854.60,4.52,8623.05,3.66,18181.00,4.24,135.35,3.98,203.40,2.44,2417.35,3.77,524.65,5.91,876.30,2.34,120.75,5.25,3817.70,2.21,1439.45,3.20,2495.05,4.18,7290.90,3.99,563.45,3.97
14-02-2022,56720.32,3145.90,1.87,773.35,4.29,6789.65,2.74,1568.13,3.26,688.05,3.43,4204.60,2.40,1147.00,3.92,2297.25,4.32,1473.05,2.49,2228.55,1.33,753.65,2.92,940.05,3.22,1683.00,2.39,219.40,3.64,1747.20,4.68,1799.00,3.34,824.65,8.22,8361.75,3.41,17663.75,2.19,132.50,3.45,201.90,3.23,2338.80,2.35,501.80,3.00,864.40,2.78,118.59,3.90,3734.25,2.27,1390.10,3.70,2397.40,2.98,7086.50,2.72,541.90,5.00
11-02-2022,58447.15,3214.80,1.70,803.80,1.43,7007.00,2.23,1610.39,1.66,714.45,2.00,4325.40,1.62,1164.40,1.88,2426.60,1.43,1518.85,1.60,2258.00,1.33,791.05,1.18,981.95,4.05,1721.00,2.05,232.35,1.50,1828.95,1.58,1869.05,2.29,853.85,3.14,8740.60,2.11,17815.20,2.78,137.10,1.85,207.75,2.34,2376.85,1.71,529.30,1.96,879.65,2.51,125.47,2.57,3695.60,1.66,1424.35,3.14,2442.15,2.20,7324.70,2.41,561.65,1.53
10-02-2022,58810.53,3237.50,2.25,809.80,1.60,7139.50,2.44,1638.92,3.18,723.80,2.56,4370.70,1.27,1190.10,1.50,2476.40,2.63,1524.15,2.23,2283.15,1.29,805.25,1.58,972.85,1.75,1768.85,1.43,232.15,2.46,1867.00,3.15,1899.55,1.62,853.10,3.27,8804.70,2.63,18098.30,1.01,136.40,1.86,211.95,2.54,2379.00,1.37,540.45,1.74,892.20,1.79,124.82,2.28,3771.20,0.81,1467.45,1.36,2491.15,1.49,7471.30,1.24,573.50,1.49
09-02-2022,58163.01,3228.40,1.20,803.85,1.17,7115.70,1.19,1626.36,1.66,719.60,3.40,4368.75,1.94,1181.55,1.95,2436.50,1.64,1497.70,2.20,2277.65,1.10,802.70,1.23,966.25,3.11,1737.50,1.03,230.05,1.84,1833.10,1.28,1889.10,1.25,840.60,1.54,8951.55,3.92,18127.00,1.09,135.05,1.61,209.30,1.39,2383.95,1.19,535.15,1.65,886.15,1.02,122.24,2.08,3761.25,0.80,1454.10,1.97,2485.70,1.38,7502.90,1.65,569.10,1.27
08-02-2022,57799.67,3216.40,1.67,798.55,3.20,7051.05,3.34,1597.52,2.44,708.85,2.45,4321.95,2.32,1162.30,1.84,2415.30,1.91,1461.10,2.35,2264.35,0.95,792.70,2.73,937.25,3.02,1716.55,1.69,231.20,1.42,1818.10,3.01,1874.40,2.64,831.90,2.51,8596.00,4.12,18082.35,0.82,134.95,2.03,210.10,3.28,2355.60,2.16,531.10,3.52,893.80,1.49,121.96,4.30,3742.40,2.17,1432.75,2.44,2443.60,2.70,7426.35,1.86,560.00,2.03
07-02-2022,58505.08,3174.00,3.30,789.60,2.49,6930.65,4.04,1570.92,4.61,706.50,2.87,4309.20,2.35,1157.55,2.14,2429.40,3.64,1468.60,4.00,2257.60,3.56,786.35,2.98,933.35,3.29,1714.85,2.14,230.25,2.74,1829.10,3.89,1885.80,3.81,830.05,3.03,8492.10,2.45,18096.75,3.01,135.15,1.60,213.65,2.22,2317.65,2.21,533.20,4.40,887.40,2.24,118.29,4.14,3778.60,2.03,1441.70,2.15,2410.35,4.45,7465.05,2.02,557.20,3.25
04-02-2022,58918.65,3236.70,2.21,798.55,1.69,7155.90,1.89,1620.19,2.18,720.20,0.92,4351.95,1.60,1163.10,2.60,2502.65,1.88,1524.25,1.41,2306.60,1.30,804.95,2.01,955.85,3.13,1740.95,2.56,234.15,2.98,1884.10,2.05,1948.05,1.77,841.25,3.35,8546.50,2.13,18329.90,1.56,134.25,2.69,209.70,2.01,2331.80,1.19,530.20,3.62,894.05,2.38,117.61,2.37,3814.65,1.48,1448.25,2.05,2470.70,3.66,7441.25,1.98,571.85,1.63
03-02-2022,59528.16,3202.90,1.63,799.55,2.38,7111.20,2.78,1633.99,2.69,721.60,1.43,4374.65,1.76,1155.80,1.81,2527.75,4.01,1514.35,2.07,2298.15,1.83,808.85,1.53,957.45,2.65,1738.70,2.66,234.30,1.49,1909.35,2.53,1935.00,2.79,856.05,3.35,8590.15,3.20,18312.30,1.61,136.60,1.65,211.35,1.90,2352.70,2.28,540.10,1.42,883.40,1.20,116.57,3.15,3825.00,1.78,1455.05,2.29,2475.45,3.63,7374.90,1.74,578.35,2.20
02-02-2022,59289.38,3197.90,1.62,804.10,2.36,7247.40,2.89,1670.69,5.17,724.95,1.83,4415.35,2.66,1171.10,3.58,2612.00,1.73,1531.20,2.00,2327.90,1.59,813.80,1.21,973.40,5.60,1788.10,1.21,231.65,1.79,1942.30,2.57,1981.85,1.82,868.95,2.09,8516.75,2.86,18493.95,1.99,140.90,1.75,214.00,1.99,2383.50,1.45,539.85,2.39,889.10,1.85,116.75,2.12,3857.00,1.67,1482.75,3.18,2464.10,1.48,7442.65,2.01,588.15,2.54
01-02-2022,58679.23,3197.45,2.24,781.90,3.22,7024.70,3.29,1589.20,3.30,722.75,2.32,4309.45,1.61,1132.60,3.06,2564.10,3.47,1498.40,2.90,2305.65,1.83,809.90,2.95,922.05,5.34,1772.15,2.59,227.70,4.38,1885.55,3.69,1991.15,4.28,870.20,3.47,8557.50,5.12,18662.95,1.89,141.20,2.74,212.85,2.75,2380.45,3.11,532.25,4.86,892.05,6.46,116.76,8.03,3800.65,1.96,1507.05,2.71,2432.10,3.43,7512.15,4.13,576.80,2.76
31-01-2022,57845.91,3154.70,1.72,773.05,2.03,7002.15,1.97,1568.98,2.71,729.40,2.14,4302.80,3.03,1099.35,2.26,2521.00,1.91,1485.55,1.67,2273.75,1.80,789.25,1.84,871.85,7.25,1736.70,2.04,220.10,1.70,1857.50,5.29,1908.85,3.94,885.00,1.83,8594.60,1.93,18527.65,1.03,142.05,3.21,215.40,2.31,2386.35,2.18,538.35,2.36,834.15,3.55,108.54,3.11,3737.90,0.98,1479.35,3.81,2360.90,1.81,7214.45,1.46,572.65,2.11
28-01-2022,57795.11,3112.60,2.14,764.70,3.05,6870.50,2.83,1520.00,4.22,715.90,7.24,4218.60,4.90,1080.50,2.25,2518.50,2.65,1463.30,1.80,2283.55,1.78,781.10,5.03,903.55,3.73,1685.25,2.80,217.55,1.81,1898.20,3.54,1898.80,2.94,869.70,3.68,8553.20,4.60,18376.85,1.74,140.20,4.20,210.15,4.25,2335.40,1.86,523.35,2.90,827.25,3.73,108.46,4.19,3690.25,2.16,1410.55,5.41,2316.00,2.93,7099.60,2.40,552.20,3.23
27-01-2022,57317.38,3117.25,2.71,773.85,5.27,6839.10,2.87,1536.06,3.65,707.20,2.05,4256.35,3.15,1077.90,4.12,2503.90,2.72,1476.30,3.37,2295.35,2.22,794.00,2.57,888.25,3.67,1678.50,2.34,214.65,2.04,1889.45,4.19,1911.20,2.91,857.85,2.55,8817.25,6.02,18391.90,1.96,134.95,1.83,214.75,3.98,2338.25,1.88,529.00,5.45,812.20,3.25,108.88,3.95,3650.10,3.14,1445.65,4.74,2310.45,4.38,7123.70,2.85,544.75,3.82
25-01-2022,57158.63,3146.30,4.84,752.20,6.55,6961.05,3.62,1552.63,2.84,711.90,5.29,4402.85,2.74,1124.80,4.67,2528.15,2.65,1487.25,3.49,2327.25,4.14,801.55,2.33,882.75,5.26,1722.10,2.32,214.20,2.41,1851.95,4.91,1924.70,4.34,854.00,1.56,8600.60,9.64,18795.25,2.95,135.20,4.31,218.75,3.84,2373.70,3.62,514.85,5.74,807.00,3.36,110.87,3.00,3770.10,2.31,1500.50,4.37,2379.40,3.20,7101.35,2.26,562.85,3.87
24-01-2022,59023.97,3155.80,4.75,704.60,4.10,6932.75,8.02,1570.80,6.91,689.60,4.38,4364.35,4.15,1123.05,4.95,2538.95,3.64,1487.45,3.56,2284.60,3.45,798.20,4.61,849.85,5.19,1736.90,2.40,211.75,3.30,1832.25,4.59,1899.85,4.00,854.10,3.49,8047.30,4.76,18710.15,2.31,132.55,3.21,213.90,2.91,2377.55,6.44,494.10,3.81,799.90,4.19,109.92,6.82,3771.50,2.92,1512.15,5.73,2402.95,6.06,7157.85,3.90,572.85,6.41
21-01-2022,59039.37,3274.60,2.53,712.50,2.43,7373.05,2.61,1633.31,5.40,695.05,3.55,4496.15,3.04,1167.85,2.12,2592.05,2.37,1520.70,2.87,2325.40,3.75,804.60,1.99,853.95,3.64,1786.05,1.80,217.05,2.08,1892.85,2.82,1954.55,2.64,874.45,2.29,8188.60,4.87,18958.55,2.26,134.10,2.64,214.95,2.98,2478.10,2.11,502.80,1.88,809.05,2.28,116.90,4.13,3834.85,2.10,1594.15,3.79,2528.70,2.19,7364.75,1.86,605.20,1.57
20-01-2022,60045.48,3307.70,4.41,728.90,2.08,7531.90,3.46,1726.03,7.05,715.30,2.32,4591.55,3.11,1175.55,2.98,2568.85,2.92,1509.70,1.80,2261.80,3.68,809.95,1.97,878.25,2.99,1824.15,2.10,218.75,1.88,1891.80,2.36,2002.15,2.51,880.60,2.85,8036.35,1.91,18758.75,2.45,134.90,2.10,214.60,4.54,2478.80,2.29,511.55,2.15,819.65,3.22,120.75,2.19,3827.85,2.65,1668.15,1.70,2566.40,2.34,7454.90,2.22,615.35,1.79
19-01-2022,60845.59,3281.10,3.25,729.60,1.84,7570.30,7.59,1808.76,4.11,704.05,3.38,4684.95,1.71,1199.15,2.55,2618.65,2.72,1518.55,1.69,2309.90,2.76,808.35,2.18,893.00,2.22,1867.70,2.91,220.35,1.67,1905.95,2.22,2019.35,1.99,894.10,2.82,8008.50,2.56,18903.30,4.04,134.85,1.84,204.65,2.93,2521.40,1.31,515.90,3.41,838.05,1.45,120.88,3.17,3915.80,2.72,1669.10,2.99,2589.60,1.69,7431.95,3.68,621.30,2.18
18-01-2022,61430.77,3372.40,1.28,725.20,3.03,7747.15,2.91,1815.64,2.52,714.10,2.46,4693.55,2.24,1219.85,4.35,2662.65,2.03,1529.60,1.76,2369.50,2.18,823.35,2.17,900.20,3.55,1920.95,1.67,220.80,3.13,1942.55,2.28,2021.55,3.34,891.45,2.40,7915.70,4.65,19370.75,1.25,134.90,2.45,205.10,1.56,2520.85,1.88,506.65,2.46,845.90,2.79,119.45,3.61,3990.25,1.62,1660.65,5.79,2604.00,1.80,7566.25,4.91,633.40,2.99
17-01-2022,61219.64,3378.90,2.34,712.65,1.56,7852.15,1.38,1834.02,1.02,728.55,2.05,4672.40,2.05,1258.80,2.57,2702.30,1.44,1521.55,2.42,2389.55,2.10,819.40,1.74,920.60,2.23,1939.35,1.17,224.55,1.90,1934.90,1.72,2069.35,1.47,900.25,2.20,8264.70,3.31,19328.80,2.07,136.75,2.08,206.20,1.80,2552.30,1.03,514.05,2.15,853.20,1.54,122.97,4.51,4019.10,2.02,1721.65,1.78,2597.20,2.03,7867.90,5.89,646.20,2.99
14-01-2022,61040.32,3364.80,3.47,721.70,2.78,7831.20,1.37,1819.92,1.78,720.70,1.84,4689.20,1.34,1337.55,3.88,2713.55,1.60,1545.25,1.90,2363.70,2.55,820.20,1.53,920.15,1.45,1928.20,2.87,222.60,1.08,1937.15,2.44,2044.75,2.14,880.95,1.81,8082.15,2.12,19409.55,2.52,135.35,2.14,207.80,1.35,2538.70,1.61,508.25,0.95,860.25,1.45,121.33,1.65,3969.25,3.06,1739.25,2.90,2591.95,2.10,7655.25,1.73,639.80,2.09
13-01-2022,61259.99,3456.75,3.18,740.70,1.62,7803.00,0.95,1822.41,2.00,731.55,1.09,4725.95,1.60,1333.25,2.85,2755.55,1.30,1528.35,2.53,2414.20,0.78,824.40,1.27,927.40,2.48,1897.00,2.38,224.05,1.35,1926.75,2.08,2018.10,2.71,895.35,4.74,8075.65,3.82,19677.00,0.70,134.95,2.32,207.90,2.30,2535.35,1.28,511.30,1.13,865.75,4.90,122.06,6.34,3897.65,2.26,1719.00,2.72,2618.65,1.58,7609.85,2.27,649.85,2.78
12-01-2022,61014.37,3544.35,1.37,746.85,1.12,7773.05,2.28,1794.46,2.43,730.05,3.98,4693.40,1.50,1351.05,1.84,2736.85,1.40,1556.55,1.55,2413.15,0.73,824.10,1.39,942.00,2.52,1877.60,1.53,222.70,0.90,1955.30,1.33,1972.80,1.11,880.75,4.89,8167.95,0.96,19700.05,0.96,133.85,1.44,204.85,1.13,2520.60,2.39,510.15,1.01,836.20,2.12,114.72,1.62,3857.25,2.43,1728.85,1.92,2612.50,2.43,7655.00,1.54,691.35,2.63
11-01-2022,60342.70,3536.85,1.88,743.25,1.32,7669.05,2.28,1779.43,1.70,703.60,2.11,4669.25,1.70,1344.00,5.22,2710.65,2.51,1565.70,1.33,2403.65,1.10,810.45,1.53,918.30,2.22,1856.05,1.04,221.85,1.27,1936.85,1.76,1960.70,1.65,841.35,1.54,8144.60,1.14,19776.30,1.14,132.30,2.25,203.90,1.11,2454.90,1.77,505.95,1.72,832.40,1.64,113.01,4.55,3915.80,1.87,1738.35,2.23,2651.20,1.58,7603.45,1.57,694.10,1.36
10-01-2022,60064.89,3555.00,1.70,742.80,1.47,7728.75,1.61,1780.49,1.40,704.70,1.09,4699.05,1.57,1288.65,1.92,2660.05,2.40,1558.85,1.73,2407.05,0.96,810.50,1.77,920.50,1.25,1851.10,3.07,223.30,2.53,1948.05,2.61,1953.15,2.88,842.15,2.12,8123.85,4.15,19707.05,1.21,131.80,1.15,204.00,1.82,2437.65,1.65,503.55,2.60,826.45,2.07,116.89,1.64,3879.35,3.06,1716.90,2.18,2657.35,3.59,7582.85,1.18,693.65,3.48
07-01-2022,59776.10,3574.65,2.41,730.60,2.16,7660.70,2.65,1774.97,3.22,704.75,1.94,4708.40,1.69,1291.05,1.32,2596.90,1.74,1550.40,2.03,2416.15,1.42,793.35,2.05,922.35,2.38,1813.15,1.54,218.50,1.45,1903.55,2.14,1904.75,2.06,828.95,3.21,7907.50,1.44,19923.50,1.82,131.50,2.08,205.05,1.93,2435.95,1.91,491.30,2.52,828.80,1.26,116.02,2.30,3854.85,1.80,1703.25,1.78,2572.80,4.85,7554.15,1.81,711.20,1.93
06-01-2022,59726.54,3513.70,2.36,730.30,2.02,7739.50,3.40,1798.63,2.04,710.25,2.90,4739.45,2.28,1285.30,1.56,2622.50,1.85,1539.90,1.53,2391.40,1.87,785.05,2.36,921.80,4.41,1818.20,1.51,218.70,0.96,1891.95,2.08,1925.20,1.67,839.95,2.06,7879.10,2.76,19647.50,1.86,130.90,2.24,206.00,1.71,2416.60,1.87,491.75,1.78,829.50,2.76,116.34,2.29,3806.85,1.68,1691.65,2.48,2596.75,2.97,7464.60,3.66,705.65,1.70
05-01-2022,59927.54,3526.45,2.48,726.90,3.27,7668.55,3.56,1798.30,5.45,700.05,1.60,4790.40,3.10,1311.40,2.25,2672.85,1.62,1564.65,2.81,2415.80,1.17,787.60,3.16,903.90,2.12,1844.95,3.30,220.55,1.33,1921.65,4.70,1948.15,1.18,839.45,1.96,7773.55,2.59,19925.10,0.79,132.10,1.72,208.40,1.59,2466.05,1.78,492.20,3.24,835.10,1.64,117.72,3.48,3861.05,1.55,1736.05,2.94,2576.40,1.95,7655.30,2.25,713.40,2.70
04-01-2022,59343.79,3456.30,1.68,709.15,1.57,7342.75,1.96,1711.26,1.94,697.20,1.79,4835.45,1.41,1333.95,2.28,2675.05,2.17,1528.40,1.62,2401.25,2.24,772.90,1.91,904.20,2.43,1896.25,1.49,220.15,1.21,1853.15,2.36,1938.05,1.48,832.05,1.98,7627.65,1.68,19878.75,1.50,132.90,5.01,210.50,3.60,2457.75,2.45,483.50,2.89,837.95,2.73,114.89,2.04,3882.70,2.05,1787.40,2.04,2579.65,2.74,7649.30,2.39,721.55,1.61
03-01-2022,58310.09,3421.85,1.66,696.35,2.87,7222.30,3.80,1697.38,3.85,691.20,1.35,4853.15,1.70,1326.25,2.11,2635.45,2.04,1519.70,2.91,2361.30,1.06,764.75,3.01,912.40,4.37,1897.15,1.33,219.15,1.06,1823.95,2.12,1922.10,2.71,829.70,2.07,7519.70,2.51,19671.00,1.01,126.00,1.44,204.90,1.15,2404.35,1.86,470.85,2.61,848.25,2.22,114.32,3.46,3818.15,2.27,1785.10,1.95,2523.75,1.70,7721.70,2.30,718.60,1.49
31-12-2021,57849.76,3381.95,1.26,678.55,2.28,6976.90,1.82,1639.02,1.79,683.85,2.21,4907.00,1.12,1318.40,1.55,2586.85,2.05,1479.80,1.70,2360.15,1.73,740.25,1.26,887.65,1.67,1889.65,1.42,218.00,1.20,1796.30,2.17,1895.00,1.43,837.30,1.78,7426.90,2.39,19708.55,2.24,124.40,2.78,204.35,1.33,2368.15,1.03,460.45,1.84,845.40,2.10,111.15,1.82,3736.85,0.76,1790.55,1.46,2524.35,3.83,7591.95,3.31,715.20,1.37
30-12-2021,57755.40,3364.40,1.31,668.85,1.29,6868.85,1.23,1617.78,1.88,679.60,1.66,4904.70,2.13,1317.05,3.35,2562.60,1.22,1461.55,1.34,2325.60,1.45,735.85,1.56,884.75,3.95,1892.65,1.82,216.00,1.04,1754.95,1.37,1885.60,1.03,830.10,1.64,7284.35,1.92,19399.85,1.34,126.90,4.50,205.35,4.60,2356.45,2.53,451.80,1.39,834.35,1.61,110.11,2.57,3733.15,1.60,1800.55,2.88,2436.65,2.75,7397.95,1.52,714.10,1.99
29-12-2021,57892.31,3369.00,1.55,670.50,1.85,6912.15,1.37,1624.17,2.30,676.65,1.25,4833.15,2.20,1292.00,1.73,2563.05,1.13,1453.65,0.92,2306.85,0.99,735.65,1.81,869.65,2.66,1885.05,0.88,216.80,1.85,1764.65,1.48,1892.35,0.95,832.35,1.57,7344.60,1.61,19404.05,0.96,123.05,2.00,204.35,1.40,2403.05,1.51,454.25,2.38,838.30,3.27,111.61,1.66,3693.15,0.95,1786.65,2.13,2401.55,2.53,7427.55,1.44,703.40,1.23
28-12-2021,57736.47,3367.15,3.51,675.45,1.32,6904.85,1.58,1610.21,1.40,680.05,1.21,4743.80,1.50,1284.30,1.42,2566.60,1.56,1460.90,0.89,2309.10,0.90,736.05,1.39,852.70,2.66,1887.45,1.07,219.95,1.22,1775.65,1.31,1899.40,2.21,838.70,2.57,7297.10,1.35,19353.10,1.11,124.15,2.21,205.45,2.56,2397.70,1.29,460.95,0.76,815.00,3.25,112.74,0.84,3707.30,0.82,1806.25,2.53,2380.30,2.35,7405.20,2.01,705.40,0.80
27-12-2021,56948.33,3273.80,1.84,672.15,2.84,6889.30,3.78,1601.74,3.68,675.50,1.46,4736.90,2.68,1266.70,1.83,2558.75,2.15,1450.15,2.27,2301.40,1.31,735.75,3.16,855.20,6.14,1866.25,1.59,217.55,1.18,1773.00,3.30,1866.20,1.51,818.30,1.90,7287.95,1.75,19305.75,1.46,121.85,3.47,206.05,1.07,2369.80,1.23,458.05,2.16,794.40,1.57,112.24,2.01,3695.55,1.28,1784.90,5.14,2330.95,2.42,7253.50,2.14,699.50,1.40
24-12-2021,57567.11,3288.15,1.21,667.50,2.95,6851.40,3.54,1592.06,3.07,677.05,1.64,4638.65,2.58,1265.10,2.94,2533.90,2.45,1439.30,1.47,2296.95,1.30,727.45,1.97,860.70,3.57,1863.65,3.17,218.00,1.82,1748.25,2.81,1859.50,1.88,812.50,2.75,7316.65,2.72,19218.10,1.33,121.25,3.27,203.25,5.03,2372.25,2.32,456.85,2.49,785.30,2.58,111.56,2.53,3670.25,1.61,1723.45,3.26,2316.40,1.48,7224.05,3.42,698.50,1.80
23-12-2021,57251.15,3267.00,1.74,678.80,1.77,6917.50,2.11,1616.13,1.20,678.50,2.01,4694.80,0.96,1227.30,1.22,2570.25,1.46,1444.00,1.43,2300.65,1.34,731.00,1.50,871.20,1.73,1856.80,1.89,217.30,2.56,1776.15,1.07,1877.10,1.33,826.65,1.54,7384.60,1.95,19207.00,0.72,124.60,2.12,208.40,4.12,2364.65,0.89,461.95,1.55,792.70,1.68,112.74,2.32,3662.80,1.13,1683.75,1.81,2327.35,1.34,7339.05,1.68,694.70,1.88
22-12-2021,56599.47,3280.70,1.44,669.35,1.94,6773.75,2.51,1594.92,2.24,684.85,2.58,4648.50,1.50,1222.35,1.29,2541.90,1.46,1445.30,1.38,2277.65,2.13,732.90,2.05,871.75,3.15,1824.45,0.97,212.05,1.42,1763.10,2.13,1865.95,2.67,818.30,1.84,7427.10,1.86,19184.35,1.64,122.55,1.77,201.55,2.60,2365.95,2.48,455.80,1.79,797.10,2.90,112.75,2.12,3630.00,0.85,1659.80,1.79,2300.40,0.92,7376.40,1.52,685.40,2.26
21-12-2021,56320.87,3270.45,1.70,665.85,3.09,6579.45,3.24,1583.11,5.90,667.05,1.74,4620.90,1.88,1205.25,4.64,2542.00,2.09,1442.30,1.46,2272.85,2.22,720.35,1.73,857.20,2.35,1812.50,2.14,212.55,2.06,1736.75,2.71,1826.80,2.31,812.30,2.43,7305.30,1.61,19227.70,1.95,122.00,3.23,206.65,3.37,2310.10,2.27,445.85,3.07,778.25,2.57,110.49,3.59,3608.45,2.01,1635.45,3.27,2287.50,2.65,7325.35,2.96,690.75,3.40
20-12-2021,56513.55,3240.05,2.56,674.35,3.29,6633.75,5.49,1582.90,3.49,658.25,2.50,4560.70,2.53,1159.85,2.30,2549.90,3.59,1426.60,3.04,2269.10,3.33,710.05,3.13,845.85,5.48,1798.70,2.42,212.30,3.19,1741.75,3.86,1797.85,3.37,817.00,4.00,7290.15,3.99,18893.70,3.48,121.85,5.20,209.80,2.77,2277.20,3.24,449.20,4.72,763.50,2.85,107.29,5.03,3557.10,2.71,1598.80,3.76,2239.60,2.65,7164.65,3.69,666.35,2.21
17-12-2021,58021.63,3241.70,1.87,688.90,3.34,6901.90,2.18,1620.40,3.54,666.20,3.28,4517.95,3.36,1171.60,1.52,2617.20,3.80,1472.90,2.20,2230.25,3.73,728.20,2.08,883.25,5.62,1821.70,1.98,218.00,2.86,1794.35,3.92,1846.90,2.27,834.40,2.78,7296.55,3.46,19055.55,1.18,125.50,3.02,209.95,2.71,2341.15,3.83,467.75,3.08,769.15,2.50,113.18,2.97,3587.20,2.15,1641.90,2.94,2280.60,4.09,7335.75,1.30,669.80,4.09
16-12-2021,58211.72,3298.70,1.49,709.65,2.40,7028.60,2.17,1671.09,2.74,682.20,1.85,4597.35,1.51,1160.45,1.54,2700.50,2.45,1500.20,1.51,2309.50,0.93,741.30,2.56,928.70,2.95,1771.40,1.41,222.90,3.44,1860.40,2.06,1874.50,2.24,853.55,1.81,7452.65,2.95,19268.70,1.04,127.35,1.50,208.25,2.62,2404.45,1.92,481.20,2.58,764.45,3.44,115.42,2.19,3581.35,1.03,1652.60,1.51,2357.20,1.59,7411.40,0.85,643.45,1.63
15-12-2021,58108.77,3304.70,1.27,712.50,1.76,6849.80,3.42,1667.51,3.70,685.35,1.56,4600.30,1.62,1147.75,1.52,2720.65,1.67,1500.85,1.60,2320.95,1.06,752.60,1.13,938.35,1.48,1733.50,1.52,224.00,3.98,1867.75,2.40,1880.80,1.82,845.70,1.83,7566.75,2.47,19151.35,1.32,126.70,1.90,210.00,3.63,2372.50,1.81,484.90,1.45,775.55,4.47,115.39,2.22,3569.60,1.80,1642.00,1.82,2323.10,2.20,7371.60,0.93,636.10,2.00
14-12-2021,58056.51,3294.05,1.60,710.90,2.35,7068.65,2.05,1712.90,2.47,691.65,2.57,4646.55,1.81,1161.75,1.74,2752.10,1.44,1503.50,1.17,2318.30,0.91,758.85,2.40,946.05,2.65,1752.15,2.83,228.30,5.24,1840.45,3.01,1869.10,1.38,834.80,2.01,7491.05,1.23,19197.90,2.06,126.25,1.92,212.30,5.46,2380.40,1.37,488.55,1.76,755.95,1.96,116.69,2.63,3622.80,1.63,1643.15,2.19,2353.35,2.25,7386.45,1.59,646.85,2.02
13-12-2021,59103.72,3278.70,2.09,704.00,2.71,7220.10,3.78,1731.93,3.44,702.90,2.86,4599.80,2.44,1159.45,1.68,2770.85,2.64,1510.65,1.95,2304.35,2.22,753.95,2.29,938.25,2.64,1744.90,1.91,234.70,2.28,1873.15,2.83,1861.00,2.21,843.00,3.30,7515.40,1.90,19001.75,2.23,125.70,2.63,204.45,2.70,2409.80,2.89,487.65,2.91,762.90,1.82,116.51,3.20,3610.10,1.58,1637.85,3.61,2350.40,1.95,7423.30,2.15,645.45,2.49
10-12-2021,58696.71,3281.90,3.49,688.05,1.20,7451.15,1.43,1772.30,2.78,710.60,1.66,4593.30,1.01,1161.95,0.85,2809.95,1.77,1522.35,1.35,2332.80,1.16,758.00,1.11,944.15,3.07,1758.65,1.02,235.95,2.25,1895.05,1.61,1873.05,1.57,859.70,2.18,7426.30,1.53,19273.45,1.44,126.15,1.77,202.60,1.07,2458.95,1.46,494.70,2.41,761.40,2.38,118.00,1.89,3636.55,1.84,1602.60,1.89,2340.45,3.72,7440.65,1.59,638.00,1.69
09-12-2021,58831.41,3178.60,2.38,693.95,1.73,7439.35,1.75,1759.62,1.61,713.90,1.79,4594.25,1.15,1168.25,2.16,2841.85,1.69,1527.50,2.15,2339.75,1.17,755.25,1.92,946.30,1.23,1762.70,1.57,235.30,6.29,1911.50,2.68,1879.70,3.02,851.05,3.09,7419.25,1.84,19283.00,1.98,126.10,1.63,203.15,2.15,2455.85,2.04,488.60,1.50,759.40,1.36,117.68,1.93,3603.60,1.83,1611.30,2.08,2373.45,3.65,7438.80,1.55,643.20,1.50
08-12-2021,58158.56,3109.20,2.95,697.10,2.02,7363.45,3.80,1762.26,2.76,715.10,2.20,4570.70,1.38,1172.30,2.31,2852.50,1.55,1553.45,1.30,2340.60,1.13,753.40,1.95,945.50,1.79,1752.90,2.06,224.95,2.08,1921.60,2.71,1823.95,1.94,840.65,2.07,7437.25,4.82,19476.15,1.03,127.30,2.16,204.85,1.77,2417.40,1.01,491.45,2.40,757.55,2.07,117.33,2.40,3626.50,1.18,1606.60,1.83,2405.10,1.68,7421.60,2.11,641.85,2.41
07-12-2021,57125.98,3031.30,1.73,687.00,3.22,7102.55,2.98,1710.77,1.88,698.95,1.67,4520.70,2.45,1149.20,2.02,2818.95,2.46,1525.45,1.46,2321.60,1.28,734.65,4.02,926.25,1.63,1712.25,1.80,220.65,1.74,1938.00,3.81,1797.60,2.12,825.55,1.33,7187.20,2.26,19336.10,2.41,125.40,1.98,205.85,2.32,2381.60,1.27,476.65,2.43,743.15,2.04,114.93,3.00,3584.70,2.03,1576.50,2.89,2381.50,2.46,7296.85,1.56,631.95,1.81
06-12-2021,57778.01,3038.00,2.67,663.10,2.66,6954.55,1.97,1689.48,4.29,697.10,4.02,4498.70,2.79,1136.60,3.28,2767.65,1.40,1505.40,1.47,2306.50,2.74,710.05,2.67,915.55,4.43,1693.65,2.53,217.90,2.16,1886.30,2.54,1781.85,2.37,820.65,3.19,7042.20,2.82,18993.20,2.93,124.40,3.23,201.85,3.28,2363.30,2.86,465.35,2.85,737.05,2.53,110.90,3.47,3534.35,3.84,1552.05,4.64,2326.00,2.54,7215.70,2.57,624.30,3.33
03-12-2021,58555.58,3110.70,2.55,673.00,2.44,7070.20,2.53,1749.50,2.46,718.35,2.50,4596.50,1.77,1171.00,1.75,2771.00,2.10,1513.10,1.89,2343.65,2.22,716.60,2.02,951.25,1.90,1734.90,3.15,221.70,2.15,1913.60,4.45,1801.85,2.69,836.80,2.51,7202.15,2.55,19305.40,1.58,127.15,2.97,206.00,5.33,2408.15,3.95,473.20,2.41,751.80,3.84,111.80,2.88,3639.65,0.97,1592.90,2.99,2369.55,2.07,7339.75,2.07,640.40,2.17
02-12-2021,57781.48,3183.45,1.30,676.10,1.61,7179.80,2.62,1775.30,3.24,732.15,3.02,4662.75,1.30,1184.80,2.90,2809.15,4.11,1525.65,1.86,2383.30,1.83,722.55,1.66,945.50,2.57,1748.25,2.16,225.45,2.17,1964.20,1.70,1788.95,1.72,848.90,3.43,7325.00,1.61,19503.95,2.13,128.80,2.88,214.65,4.43,2483.80,1.41,477.05,1.46,766.15,3.32,111.28,3.86,3641.15,2.09,1629.65,3.29,2387.00,2.64,7322.25,1.69,646.75,3.05
01-12-2021,57363.96,3137.55,2.46,679.60,3.24,7039.50,2.23,1738.16,1.94,721.00,2.69,4606.35,2.67,1155.35,1.92,2703.30,2.22,1504.60,1.28,2344.85,1.44,728.25,2.39,934.25,5.52,1715.50,1.63,221.95,1.20,1954.25,2.33,1786.00,1.69,834.95,2.31,7274.75,3.45,19388.50,1.33,127.70,5.48,207.10,1.90,2466.90,2.02,475.30,2.87,745.35,3.09,108.25,2.74,3578.15,1.53,1588.35,2.82,2359.50,3.94,7324.60,5.05,634.80,1.95
30-11-2021,57272.08,3144.40,2.03,655.65,4.54,6991.65,4.63,1723.33,3.85,728.75,3.68,4675.85,2.11,1139.30,2.09,2676.40,4.02,1493.60,2.88,2317.55,2.56,714.30,2.99,883.60,5.88,1714.45,1.76,221.30,2.29,1962.15,4.69,1763.90,2.50,835.75,3.82,7086.15,3.23,19159.10,2.35,127.30,3.65,206.80,4.78,2406.75,3.59,460.60,4.17,753.95,1.97,107.16,5.99,3532.00,1.95,1541.10,4.51,2374.90,2.66,7434.40,2.25,637.00,2.43
29-11-2021,57028.04,3143.50,3.81,651.10,2.48,6903.65,4.52,1688.96,5.06,739.70,3.73,4697.60,4.70,1132.70,4.42,2713.30,2.40,1501.20,3.13,2329.40,2.52,718.20,2.25,895.60,7.52,1696.85,2.54,221.40,1.59,2020.20,5.51,1767.60,3.13,849.50,4.67,7146.70,3.10,19005.75,1.96,126.45,3.32,199.95,2.75,2442.50,4.17,464.65,4.97,750.80,3.50,111.47,5.71,3500.70,3.59,1539.15,4.51,2324.25,4.61,7392.80,3.18,630.40,4.65
26-11-2021,58254.79,3143.90,2.43,661.75,2.19,6803.75,3.94,1667.99,3.77,737.45,4.37,4750.90,5.33,1107.75,2.12,2742.10,4.37,1490.10,1.45,2335.10,1.71,721.95,3.30,901.45,6.34,1690.45,2.09,223.95,3.12,1962.95,3.02,1777.35,4.08,852.90,5.18,7170.90,5.73,19210.35,2.33,128.65,4.65,201.85,2.12,2412.15,3.10,470.50,4.36,766.35,4.83,111.22,4.79,3445.65,2.09,1520.40,2.94,2291.80,4.28,7390.65,2.61,620.95,2.29
25-11-2021,58363.93,3143.70,1.91,679.90,1.54,7131.65,1.65,1735.41,1.71,764.95,2.06,4591.60,2.42,1124.95,1.79,2870.95,1.56,1524.25,1.75,2349.05,1.96,750.90,1.67,959.10,2.04,1722.45,1.60,231.30,2.86,2035.00,1.74,1849.00,1.52,890.95,1.71,7569.95,3.27,19188.35,1.51,135.20,3.32,204.20,1.79,2494.40,6.14,490.55,1.84,782.20,1.50,117.36,1.76,3445.50,0.82,1558.80,2.09,2397.95,2.06,7610.10,1.44,636.55,1.40
24-11-2021,58839.32,3158.70,1.86,685.15,1.91,7163.50,3.56,1743.74,2.92,758.75,3.43,4598.05,1.46,1119.75,1.80,2880.55,2.05,1518.35,1.44,2374.75,1.65,760.20,3.41,971.45,2.80,1697.50,3.02,227.90,2.42,2012.00,2.74,1860.45,2.81,892.90,2.58,7664.55,3.38,19105.45,2.91,135.40,2.73,203.10,3.11,2350.90,2.85,493.25,2.23,778.35,2.70,117.89,2.69,3443.55,1.82,1539.70,2.26,2376.20,1.60,7581.00,2.76,636.60,2.22
23-11-2021,57983.95,3186.90,8.83,685.65,2.26,7111.45,3.63,1736.02,4.04,759.50,3.42,4631.95,2.42,1113.30,2.71,2907.95,1.86,1516.80,2.05,2394.20,2.72,751.85,3.66,980.60,3.62,1732.25,2.12,231.60,1.37,1983.30,3.07,1888.25,2.86,899.85,1.55,7850.30,1.93,19164.00,1.87,133.50,3.68,201.85,4.79,2386.15,3.99,493.05,3.19,783.90,3.95,119.25,3.79,3463.70,2.21,1561.05,3.77,2389.10,1.92,7657.10,2.19,642.65,3.62
22-11-2021,59710.48,3263.45,2.81,686.40,5.26,7061.65,7.43,1707.32,8.07,742.05,3.10,4607.60,2.36,1109.90,2.16,2894.85,1.59,1515.20,3.63,2388.55,1.38,752.95,4.01,1006.70,4.65,1758.50,1.94,230.95,4.83,1958.40,5.05,1864.30,3.36,900.85,3.91,7864.35,4.70,19005.70,3.45,130.20,5.55,194.25,2.55,2363.40,4.05,486.45,5.98,770.70,3.82,116.48,4.40,3461.25,2.18,1538.70,3.97,2392.90,5.74,7649.60,3.31,643.80,3.47
18-11-2021,59968.75,3226.55,1.44,706.35,2.01,7491.60,3.44,1791.24,3.69,714.20,2.30,4671.45,2.51,1120.20,3.69,2924.85,1.51,1538.75,1.07,2399.40,1.53,763.20,1.44,1008.05,3.83,1780.70,1.72,237.45,2.84,2023.95,2.62,1898.05,3.18,923.80,3.93,8112.80,4.62,19400.20,1.63,135.25,2.00,192.35,1.73,2472.75,1.57,503.95,2.76,790.45,1.75,118.68,3.93,3475.65,2.01,1566.30,4.05,2479.35,2.55,7770.35,2.75,650.90,3.15
17-11-2021,60179.93,3229.80,2.73,712.35,2.57,7603.50,2.21,1826.58,1.54,719.85,2.19,4768.30,1.57,1153.40,1.35,2946.85,1.47,1530.65,0.93,2391.15,0.96,761.25,1.90,1034.05,2.93,1788.05,1.17,239.50,4.10,2051.50,1.76,1951.60,1.78,955.15,3.37,8273.00,4.08,19462.25,0.97,136.45,2.91,191.15,3.58,2464.05,1.61,498.15,2.91,791.00,2.18,122.00,1.85,3523.95,1.38,1617.90,1.87,2497.05,1.95,7860.95,1.86,661.45,1.55
16-11-2021,60755.38,3152.05,2.86,726.15,1.66,7557.85,2.00,1819.24,2.09,730.00,2.18,4817.60,2.16,1162.90,1.26,2975.15,1.45,1547.45,1.05,2406.65,1.44,764.50,1.84,1021.70,2.69,1790.60,1.77,235.55,2.00,2083.00,1.38,1955.30,1.85,960.30,4.20,8049.65,8.30,19463.15,1.33,134.20,2.72,187.25,2.55,2512.10,3.25,495.00,2.75,797.25,2.68,122.89,2.83,3555.15,0.95,1601.05,1.81,2529.30,1.35,7883.05,3.64,661.50,2.10
15-11-2021,60837.40,3167.90,1.73,733.25,2.20,7534.30,1.78,1811.92,1.88,737.60,1.29,4873.65,1.36,1171.10,1.51,3000.65,1.64,1557.00,1.15,2424.75,1.08,773.35,1.66,1040.90,1.71,1785.55,1.35,238.05,2.51,2095.00,1.64,1947.05,2.05,928.35,2.93,7501.05,1.52,19425.35,2.15,137.05,1.25,188.30,3.65,2578.55,1.25,506.70,2.04,810.50,1.59,124.52,4.51,3553.90,1.09,1576.50,1.76,2539.60,1.48,8046.65,1.73,659.00,1.32
12-11-2021,60248.04,3122.90,1.75,736.05,1.27,7577.20,1.84,1826.95,2.17,743.30,2.05,4843.25,1.14,1172.75,1.41,2995.00,3.29,1553.30,0.90,2404.95,1.57,776.80,1.15,1036.75,1.41,1780.00,2.54,233.10,1.81,2073.45,1.31,1958.55,1.87,937.30,1.56,7477.55,1.54,19134.60,2.30,136.25,2.49,182.00,1.72,2592.50,1.63,511.25,2.18,806.10,1.54,128.69,5.58,3524.50,1.41,1585.05,3.77,2539.00,1.44,8084.25,1.25,659.95,2.67
11-11-2021,60291.70,3064.70,1.79,738.05,1.75,7452.00,2.54,1787.20,2.93,728.60,1.94,4814.95,1.37,1161.30,1.47,2908.00,1.84,1548.40,1.21,2376.20,1.72,772.30,1.40,1033.10,1.72,1732.55,1.75,229.95,1.27,2054.10,1.35,1931.05,2.87,924.90,1.90,7453.05,1.74,18880.65,1.47,136.65,2.94,182.20,2.35,2554.95,1.38,509.55,3.18,794.05,2.39,129.90,2.75,3488.10,2.12,1523.20,2.74,2528.00,2.55,8047.10,1.73,640.55,2.08
10-11-2021,60295.26,3108.40,1.85,749.35,2.92,7575.15,1.37,1831.51,1.88,735.70,4.32,4829.35,1.59,1170.55,1.05,2946.60,2.27,1555.05,1.19,2400.15,1.00,780.80,1.46,1032.25,3.92,1738.20,1.60,230.85,2.46,2076.80,1.52,1948.25,1.25,919.65,3.35,7508.60,1.52,18954.40,1.21,137.45,1.13,184.50,1.58,2549.40,2.16,524.40,1.29,810.25,2.23,129.85,3.26,3484.35,1.09,1565.40,1.56,2483.45,2.05,8106.35,1.70,652.80,1.13
09-11-2021,60609.72,3144.30,1.05,745.05,1.43,7582.00,2.68,1817.49,2.18,713.15,1.57,4792.35,1.25,1174.20,1.96,2940.50,1.73,1571.15,1.85,2431.15,1.23,786.65,1.17,1068.35,2.02,1742.40,1.37,228.80,1.34,2097.05,2.04,1946.85,1.86,892.90,4.68,7577.05,2.98,18914.55,1.44,138.45,2.39,186.60,2.72,2520.05,1.70,529.20,1.86,801.15,1.84,133.55,2.35,3504.50,1.07,1559.10,1.24,2511.85,2.38,8164.35,1.35,658.15,1.43
08-11-2021,60385.76,3138.40,3.10,751.05,2.63,7678.05,3.00,1832.68,5.02,709.00,1.53,4788.75,2.32,1182.80,2.02,2978.40,3.16,1600.20,2.15,2431.90,2.04,780.25,2.33,1061.45,8.14,1737.65,2.17,229.70,2.19,2119.55,4.25,1924.10,1.99,859.25,2.78,7686.55,2.68,19050.30,2.18,140.25,3.00,189.10,3.01,2502.00,2.62,523.15,3.54,799.85,2.32,134.28,3.08,3502.60,1.66,1556.45,3.87,2536.90,4.52,8212.55,5.31,658.45,2.07
04-11-2021,60207.97,3158.80,1.57,752.95,0.75,7526.65,0.84,1759.59,1.35,701.10,0.91,4766.15,0.73,1183.15,0.94,2899.95,0.59,1594.00,0.64,2422.85,0.41,782.40,1.86,1188.75,1.58,1709.40,0.64,226.55,1.45,2056.80,1.21,1908.70,1.12,872.95,2.35,7744.45,1.17,18895.95,0.52,137.20,1.31,185.10,0.62,2498.80,0.60,530.45,1.52,795.35,1.23,132.59,0.79,3509.05,0.27,1505.80,1.02,2432.45,0.89,7877.35,0.92,653.35,1.51
03-11-2021,60275.21,3162.95,2.81,750.60,1.89,7510.30,1.06,1750.96,1.81,699.00,5.24,4771.65,0.94,1176.55,1.37,2897.70,2.06,1581.85,2.16,2411.35,2.00,785.75,3.18,1178.35,3.80,1702.60,1.05,222.50,2.32,2036.30,4.08,1888.65,5.10,848.60,3.15,7735.70,1.72,18727.25,1.73,136.65,2.47,183.85,2.24,2483.85,2.42,527.65,5.20,788.00,5.09,132.59,1.46,3492.55,1.54,1497.40,2.92,2417.65,3.03,7891.20,2.16,652.35,1.77
02-11-2021,60360.61,3105.85,1.86,755.85,1.78,7454.40,2.03,1753.59,3.44,712.90,2.17,4746.10,1.74,1171.40,2.24,2899.80,1.77,1606.70,1.36,2418.90,1.08,800.75,1.40,1212.20,2.67,1697.85,1.14,225.60,2.14,2077.30,1.56,1816.20,1.56,862.45,2.19,7792.05,3.80,18773.80,1.70,136.65,4.49,185.65,3.21,2500.90,2.20,521.70,2.50,814.60,6.76,131.45,4.50,3483.75,1.38,1490.40,2.41,2453.20,1.75,7709.65,1.67,652.85,1.53
01-11-2021,59577.48,3121.75,1.69,752.35,2.70,7414.60,4.05,1756.47,4.74,712.30,4.89,4801.45,4.45,1189.10,4.15,2888.60,3.80,1606.15,1.80,2407.10,1.80,804.45,2.11,1228.35,7.67,1699.95,1.93,226.85,2.25,2081.35,2.72,1795.10,3.05,870.00,3.43,7612.70,3.95,18957.25,1.91,134.30,3.25,187.60,2.17,2537.35,2.45,515.55,3.10,811.75,3.31,136.55,3.23,3477.30,2.24,1522.65,3.28,2406.35,1.76,7773.25,1.95,655.00,1.46
29-10-2021,59857.33,3100.10,2.03,742.00,6.72,7402.35,5.63,1783.09,5.87,686.25,3.42,4659.20,8.66,1144.35,3.04,2843.80,3.45,1582.35,2.69,2393.15,1.22,802.30,3.16,1140.05,5.11,1668.60,3.11,223.30,2.72,2032.25,3.94,1766.80,5.02,883.80,4.63,7483.40,3.49,19002.00,1.83,132.70,6.58,185.05,3.97,2537.60,3.70,502.40,4.97,794.40,4.77,131.66,3.31,3398.80,2.18,1478.75,5.03,2385.35,2.27,7632.75,4.70,646.45,2.64
28-10-2021,61081.00,3118.75,2.73,758.35,4.55,7485.55,3.24,1800.01,3.10,688.80,3.07,4569.95,3.05,1153.65,3.37,2900.50,2.15,1592.55,3.91,2389.65,2.03,798.65,4.27,1175.45,6.28,1704.00,1.86,225.20,5.96,2098.00,4.77,1812.35,3.79,882.75,1.97,7373.40,4.19,18997.35,1.26,137.50,3.84,186.05,3.02,2599.35,1.80,501.40,4.56,807.65,3.27,129.92,2.13,3424.35,2.90,1532.80,3.71,2369.75,5.13,7438.75,2.01,657.35,2.55
27-10-2021,61493.84,3094.20,4.07,787.50,7.02,7480.35,6.16,1801.35,4.60,702.55,2.89,4662.70,1.74,1176.80,1.68,2915.95,1.53,1642.65,1.71,2396.60,2.68,835.35,3.03,1141.85,3.41,1728.70,1.90,238.40,2.14,2186.45,3.43,1782.80,2.13,886.10,2.28,7352.50,2.97,19004.15,2.66,141.20,2.98,190.25,1.83,2632.65,2.18,519.15,2.84,825.35,3.00,132.51,2.30,3488.95,0.87,1568.20,3.88,2460.35,1.21,7360.00,1.83,671.25,1.68
26-10-2021,60997.90,2963.15,4.35,841.90,3.42,7849.15,3.06,1834.92,2.66,696.15,3.01,4666.20,1.33,1167.10,2.45,2911.55,1.30,1653.05,1.64,2436.85,2.15,829.00,2.34,1154.65,4.85,1704.10,1.89,236.80,2.73,2210.55,5.41,1794.45,1.66,894.25,1.76,7296.15,1.71,19214.10,3.41,143.20,2.25,190.30,1.61,2661.50,2.52,512.60,2.16,813.55,2.09,134.52,4.24,3483.05,1.56,1562.90,5.58,2456.80,4.05,7266.80,1.96,668.20,2.10
25-10-2021,61373.97,2918.90,3.29,845.10,5.02,7644.35,6.63,1809.77,5.28,690.75,4.21,4676.15,3.57,1165.95,2.98,2896.25,2.15,1656.85,4.48,2455.85,2.22,841.05,7.67,1177.25,4.72,1707.70,2.55,233.55,2.67,2157.15,3.10,1783.25,2.90,891.05,2.27,7263.25,2.45,18692.00,2.14,143.85,2.13,192.80,2.28,2601.65,5.02,506.35,3.52,813.00,3.15,129.45,3.83,3492.50,1.88,1524.40,4.13,2380.65,3.40,7147.00,2.33,668.00,3.57
22-10-2021,61044.54,2984.65,3.09,816.70,2.26,7713.40,3.50,1866.49,3.77,694.45,3.00,4637.45,2.06,1194.15,3.10,2902.75,3.00,1681.95,3.25,2454.10,2.81,759.10,1.63,1195.85,2.28,1719.55,3.31,236.60,5.16,2171.15,3.65,1791.25,2.75,885.75,2.75,7411.00,3.00,19009.95,3.16,144.90,2.78,194.35,3.11,2627.05,2.04,502.95,1.73,812.55,3.29,129.57,4.20,3500.05,2.27,1518.00,5.24,2410.00,4.06,7153.70,1.83,682.25,4.00
21-10-2021,61557.94,3003.50,9.43,807.80,2.68,7737.30,1.65,1859.76,2.42,696.40,3.41,4651.65,4.10,1211.75,4.05,2842.90,2.09,1675.70,1.26,2445.75,3.17,756.85,2.99,1184.40,3.83,1753.85,3.97,244.90,2.16,2145.65,6.52,1805.60,1.98,896.95,2.01,7571.40,1.93,19247.15,2.56,147.75,1.82,193.90,2.15,2623.00,4.72,503.05,3.01,817.75,2.33,131.45,5.26,3533.40,3.02,1524.20,4.58,2397.05,2.07,7126.90,1.41,695.70,3.81
20-10-2021,61800.07,3168.65,2.67,804.80,2.75,7761.65,3.34,1859.88,3.52,708.45,4.80,4753.90,2.68,1232.35,3.44,2795.45,2.34,1673.50,2.13,2478.65,4.62,745.55,2.08,1201.10,3.50,1800.50,3.03,246.60,2.56,2014.50,2.30,1807.05,4.01,899.45,3.32,7592.50,1.94,19273.70,6.01,146.25,3.85,194.30,4.39,2699.90,1.96,499.95,5.03,814.75,3.35,134.27,3.71,3607.85,1.43,1539.15,3.98,2412.35,4.23,7135.65,3.00,701.90,3.90
19-10-2021,62156.48,3184.05,2.90,801.65,3.57,7730.95,3.19,1905.40,3.87,681.00,3.44,4801.80,2.71,1231.85,2.21,2821.75,0.99,1688.95,1.25,2546.80,8.39,747.20,2.04,1194.45,4.57,1821.45,2.88,246.10,7.10,2035.35,2.57,1846.40,4.62,917.05,2.88,7653.20,2.36,19377.50,2.32,149.65,2.70,198.50,4.29,2731.50,1.55,488.45,4.30,827.35,2.03,136.74,5.08,3634.60,1.80,1539.25,6.17,2486.20,6.76,7174.90,4.24,711.65,3.08
18-10-2021,61817.32,3242.20,1.70,813.30,2.24,7865.30,2.80,1868.28,2.95,680.45,3.13,4877.50,2.25,1221.35,4.66,2810.50,2.20,1670.15,3.45,2654.00,1.36,745.10,2.29,1220.55,2.74,1792.15,3.74,262.45,3.05,2013.10,1.93,1788.10,1.63,910.80,5.07,7652.15,3.46,19427.25,2.02,149.40,1.98,203.80,3.81,2707.00,3.19,497.85,1.86,835.20,2.12,141.11,2.42,3647.40,1.27,1478.30,4.63,2589.00,3.86,7397.70,4.65,709.45,2.70
14-10-2021,61088.82,3296.90,1.79,802.05,2.03,7860.70,2.26,1848.69,1.75,686.15,1.73,4958.70,1.95,1250.90,3.91,2808.65,2.28,1685.90,3.11,2649.55,2.17,727.10,2.81,1209.90,4.52,1715.50,5.05,256.55,4.59,2016.10,1.99,1789.10,2.93,931.65,2.54,7490.60,1.53,19320.15,1.42,149.45,2.52,204.50,3.76,2699.85,1.14,490.50,2.48,841.05,1.34,137.37,2.64,3611.30,1.73,1430.25,3.40,2563.15,2.00,7403.50,1.57,707.55,6.45
13-10-2021,60619.91,3321.75,1.98,794.60,1.42,7927.70,1.79,1818.64,2.35,690.15,1.83,4928.45,1.14,1265.70,2.29,2764.65,1.27,1639.05,1.10,2646.75,1.93,709.80,1.12,1183.80,1.42,1708.75,1.92,249.35,4.52,2006.15,1.30,1751.95,2.28,935.55,9.34,7484.35,4.23,19318.80,1.35,146.35,1.76,199.50,5.30,2695.90,1.89,481.60,1.86,842.50,2.21,135.42,4.38,3656.05,0.82,1403.15,2.33,2537.10,4.82,7349.00,1.77,672.55,2.85
12-10-2021,60045.75,3322.75,1.42,797.15,1.81,7857.00,2.27,1822.50,4.74,686.50,2.03,4910.30,2.08,1249.70,5.91,2755.45,1.16,1629.30,0.98,2676.15,2.40,708.70,1.19,1182.35,3.37,1684.80,1.62,241.30,2.08,1994.15,1.93,1717.90,1.47,889.60,2.00,7692.95,1.50,19414.65,2.37,144.60,1.98,193.30,1.49,2668.55,1.58,483.10,3.48,829.10,2.21,132.90,2.33,3653.90,2.14,1374.45,3.01,2494.35,6.97,7252.35,2.35,659.05,3.10
11-10-2021,60099.68,3304.30,1.53,787.15,1.80,7817.50,1.92,1771.08,2.43,690.80,1.58,4894.35,1.94,1302.25,7.14,2749.00,1.53,1634.35,2.80,2645.10,1.14,713.10,2.62,1172.95,2.01,1692.00,3.99,238.00,3.37,1975.15,2.88,1716.70,1.85,895.50,2.75,7697.90,5.43,19072.85,1.05,144.80,3.71,193.45,2.98,2651.15,3.01,469.20,3.54,832.60,2.14,131.36,2.20,3686.50,3.74,1400.25,3.84,2363.30,1.97,7335.05,1.24,652.45,4.88
08-10-2021,59960.39,3306.60,2.00,781.95,1.16,7736.00,1.50,1755.19,1.60,695.40,1.49,4849.20,2.61,1322.05,3.36,2720.05,1.08,1602.20,1.37,2640.05,2.02,702.85,1.60,1172.75,1.90,1723.55,1.93,231.65,1.54,1935.70,1.82,1727.30,1.16,877.25,2.52,7425.75,2.67,18996.05,1.14,141.10,2.57,187.65,1.68,2670.85,4.03,457.70,2.14,821.35,1.81,130.10,3.62,3935.30,2.34,1440.00,1.93,2357.55,3.28,7336.75,1.04,661.30,3.47
07-10-2021,59632.81,3287.90,3.17,777.10,2.07,7747.65,1.85,1746.17,2.63,692.55,1.59,4891.10,2.19,1306.25,2.59,2728.75,1.85,1611.25,1.31,2669.40,1.43,702.10,1.61,1166.80,3.73,1691.30,1.60,232.95,1.12,1952.80,1.70,1712.05,1.72,878.15,6.20,7491.30,4.38,19049.60,1.58,142.75,2.35,188.35,1.97,2572.15,1.24,457.75,1.45,823.00,2.81,128.95,1.75,3892.60,2.05,1417.25,3.43,2376.20,7.22,7356.30,1.96,642.90,1.80
06-10-2021,59942.00,3210.20,2.41,778.95,2.35,7736.65,2.51,1761.46,3.27,691.40,2.86,4956.60,2.76,1275.70,3.77,2748.15,2.74,1615.05,2.48,2686.05,2.17,690.05,2.40,1131.50,4.57,1673.90,2.34,231.25,2.49,1956.35,3.03,1694.95,2.71,833.80,3.06,7200.70,2.01,19171.95,2.83,143.35,3.12,187.65,2.86,2560.20,2.86,457.15,3.79,800.75,3.25,127.97,4.36,3809.90,1.66,1387.35,3.38,2146.80,3.11,7367.05,2.70,635.80,2.58
05-10-2021,59320.14,3255.00,2.00,782.60,1.66,7722.90,1.65,1784.78,2.40,699.25,3.34,5034.60,1.61,1305.10,4.00,2740.90,1.40,1595.30,1.30,2708.65,1.08,697.30,1.00,1171.05,6.24,1692.75,2.39,234.75,1.26,1982.65,1.66,1716.65,1.94,842.90,1.21,7248.60,2.00,19399.85,1.61,145.35,2.43,189.80,2.98,2609.10,2.54,464.65,2.27,820.35,2.32,131.66,1.65,3833.70,2.60,1412.70,2.84,2192.05,3.24,7461.95,1.44,646.75,2.40
04-10-2021,59143.00,3201.30,1.77,779.00,1.41,7694.20,2.81,1778.94,3.66,681.10,3.73,5042.70,2.57,1278.70,1.51,2725.00,1.76,1585.30,1.13,2686.20,1.65,700.10,1.30,1119.60,1.66,1679.10,1.31,236.55,1.15,1991.60,1.37,1714.75,2.32,841.00,2.72,7178.40,1.04,19494.55,1.27,145.55,6.34,191.55,1.66,2555.85,1.46,463.05,2.61,831.70,1.46,132.43,3.67,3771.10,2.01,1399.05,2.39,2154.50,1.62,7514.15,1.49,640.35,1.10
01-10-2021,58889.77,3178.80,2.57,768.15,2.35,7522.05,2.10,1717.50,3.94,672.90,3.08,4955.85,2.43,1273.40,1.84,2712.25,2.15,1582.55,1.36,2704.05,1.19,692.20,1.11,1103.00,1.73,1664.95,1.04,235.60,1.76,1994.75,1.97,1696.50,1.49,827.45,5.46,7159.40,1.92,19553.50,2.06,139.85,4.79,191.80,2.08,2522.85,1.76,451.75,2.59,826.35,3.13,129.85,3.60,3729.30,2.31,1371.60,1.38,2163.60,2.48,7487.35,1.92,636.15,1.49
30-09-2021,59549.57,3244.40,3.91,766.55,2.94,7670.70,2.80,1778.85,2.56,688.15,3.37,4880.70,2.46,1279.00,1.83,2754.60,2.23,1595.50,1.44,2701.80,0.87,700.80,2.13,1112.15,2.49,1675.40,1.80,235.95,2.15,2004.10,1.81,1703.15,2.08,802.95,2.02,7334.80,1.40,19450.75,1.55,141.85,2.84,189.90,4.96,2517.00,1.33,453.05,2.93,818.20,3.33,128.85,2.49,3774.50,1.61,1380.95,1.76,2159.85,2.25,7395.35,2.23,634.35,2.25
29-09-2021,59296.54,3322.00,2.13,782.15,1.41,7516.45,2.40,1742.84,1.95,693.95,1.82,4881.00,2.74,1281.00,3.32,2746.90,1.96,1593.20,1.38,2685.30,2.52,709.75,1.45,1123.65,2.04,1692.05,2.59,238.10,2.22,2030.95,1.83,1720.45,1.41,811.65,2.14,7381.40,2.38,19472.40,1.44,140.55,10.38,195.10,7.39,2527.25,1.74,460.10,5.26,811.55,6.23,129.55,3.20,3791.60,2.21,1395.50,2.61,2147.65,2.60,7466.95,2.93,640.90,3.07
28-09-2021,60285.89,3380.30,2.28,789.20,3.55,7544.80,5.40,1754.77,4.42,696.25,5.96,4833.15,2.08,1269.20,4.18,2804.20,3.58,1615.95,3.35,2723.85,1.64,717.00,4.00,1133.10,3.70,1687.50,2.24,237.75,2.22,2067.10,3.23,1736.70,2.30,806.05,3.08,7419.30,2.56,19555.00,1.20,131.95,4.91,183.75,7.15,2548.05,2.10,445.10,3.60,779.65,4.64,128.07,2.69,3779.00,2.70,1414.50,3.99,2129.20,3.03,7587.75,3.13,639.65,3.03
27-09-2021,60303.79,3429.90,1.62,796.95,2.02,7795.70,1.57,1803.93,4.51,722.85,1.92,4791.65,1.53,1295.50,6.54,2841.10,1.56,1624.25,1.58,2709.50,2.24,729.90,1.27,1152.40,2.86,1721.95,3.02,238.55,2.63,2034.15,1.43,1740.10,2.73,811.45,3.67,7404.20,6.86,19656.70,1.42,126.95,2.65,176.00,1.14,2525.20,2.16,446.20,1.79,762.95,1.85,127.10,2.18,3836.95,2.63,1464.45,4.25,2090.70,1.71,7626.20,1.95,654.10,4.43
24-09-2021,60158.76,3443.60,5.38,798.05,2.75,7794.40,3.04,1852.85,2.67,725.59,3.39,4790.35,0.90,1357.65,3.07,2838.45,1.79,1601.35,2.08,2746.65,1.78,722.70,1.12,1162.60,4.17,1763.45,2.01,238.35,2.82,2027.10,1.88,1768.10,3.43,779.20,3.85,6950.60,2.82,19892.00,0.96,124.35,2.54,176.15,1.96,2482.95,1.32,440.80,2.69,769.70,1.90,127.19,5.06,3871.30,2.30,1514.40,2.45,2092.20,1.17,7525.25,1.85,676.65,3.55
23-09-2021,59358.18,3320.10,0.87,812.15,2.77,7897.45,2.50,1851.93,6.17,712.83,2.29,4797.30,2.07,1327.95,1.69,2817.95,3.59,1570.25,1.93,2782.30,1.62,717.40,1.70,1169.25,2.44,1741.70,1.32,242.40,1.65,2024.10,2.99,1770.00,3.47,758.40,1.15,6844.20,0.80,19841.70,1.58,126.10,1.84,178.15,1.16,2489.65,2.12,449.80,2.04,769.75,1.42,131.94,2.56,3868.70,1.39,1521.20,1.74,2104.00,1.76,7616.25,1.45,674.35,0.77
22-09-2021,59166.15,3319.25,1.40,788.35,1.37,7790.75,1.58,1761.29,1.55,713.37,1.09,4846.35,1.39,1315.80,2.21,2733.05,2.13,1534.45,1.37,2784.50,2.38,703.40,2.07,1142.05,2.61,1716.65,1.50,243.40,2.10,1986.75,2.48,1710.85,1.42,752.55,2.66,6828.55,0.90,19929.80,1.52,124.40,2.38,176.65,0.85,2430.60,1.80,439.00,1.49,769.75,1.20,130.53,2.70,3862.50,1.16,1514.05,4.80,2083.85,1.77,7622.55,1.51,667.75,1.68
21-09-2021,58630.06,3306.65,2.24,795.35,3.46,7810.60,6.00,1756.62,4.96,713.37,2.60,4853.65,2.50,1299.00,3.02,2773.55,2.06,1549.85,2.59,2812.45,2.24,711.25,2.90,1137.25,5.38,1717.70,2.43,241.45,4.57,2010.75,1.62,1718.10,2.23,738.40,1.56,6777.85,2.80,20152.00,1.62,124.05,2.54,176.00,1.48,2404.15,1.31,438.95,2.02,764.55,1.98,129.20,5.34,3864.95,1.24,1460.05,3.25,2086.15,1.60,7596.35,2.14,667.30,1.80
20-09-2021,58634.69,3272.55,1.54,795.85,2.15,7442.90,3.57,1702.47,3.83,711.40,1.90,4774.95,2.89,1275.35,3.78,2743.35,2.58,1559.35,1.48,2800.35,3.65,710.05,1.90,1090.50,4.41,1687.85,1.75,233.60,4.09,2001.25,2.82,1703.75,2.23,736.90,3.35,6954.25,2.10,20312.05,1.39,122.70,1.93,176.80,2.34,2393.90,2.03,437.30,4.12,756.55,2.97,125.33,8.76,3823.35,1.59,1430.75,4.75,2077.75,1.41,7574.80,2.33,662.55,2.65
17-09-2021,59409.98,3306.80,2.78,807.35,2.94,7427.05,4.24,1683.91,4.40,714.74,2.01,4884.55,1.82,1264.25,1.73,2825.30,1.71,1583.30,1.93,2722.25,3.11,720.00,2.84,1130.05,3.03,1691.30,1.93,231.10,3.58,2006.00,5.53,1715.50,2.04,753.90,2.26,7012.50,1.82,20179.45,0.94,123.65,2.47,178.75,2.01,2390.40,3.24,454.05,4.74,770.25,2.73,138.53,6.40,3830.45,3.61,1452.35,2.41,2094.95,3.34,7709.40,2.28,664.85,1.68
16-09-2021,58881.04,3340.50,1.03,802.60,2.33,7410.90,1.47,1673.08,2.03,704.92,4.02,4931.95,1.63,1262.60,3.24,2812.60,0.90,1559.70,1.75,2768.25,1.65,726.95,2.32,1131.25,10.87,1702.35,1.80,230.75,7.90,1905.75,2.09,1720.85,0.98,756.80,1.36,6934.20,1.08,20043.85,1.42,124.00,2.11,179.40,1.82,2428.10,2.92,463.65,5.22,780.85,0.78,143.65,2.78,3902.50,2.30,1447.65,1.94,2109.00,1.87,7771.05,1.79,667.70,2.71
15-09-2021,58354.11,3352.20,1.03,791.40,1.33,7414.75,1.22,1682.91,1.11,712.19,5.59,4962.60,1.14,1273.75,4.74,2815.25,1.64,1547.10,1.19,2775.45,1.31,714.10,1.33,1053.85,3.28,1711.10,1.72,216.00,0.91,1870.85,2.20,1717.05,1.58,755.05,1.75,6907.95,0.87,20118.20,1.54,124.20,7.72,177.85,2.96,2378.95,1.11,443.85,3.12,780.25,1.11,145.48,1.33,3954.80,2.94,1464.65,2.92,2119.30,3.29,7824.10,1.97,674.05,1.54
14-09-2021,58482.62,3361.85,0.89,794.40,1.39,7417.95,1.63,1683.37,1.48,681.32,1.54,4930.75,1.33,1238.30,2.68,2817.30,1.95,1548.25,1.20,2762.55,1.92,707.40,1.16,1036.50,4.19,1685.90,1.09,216.05,1.42,1867.50,1.80,1696.20,1.30,750.50,0.99,6898.95,1.49,20232.20,2.09,115.90,1.18,174.00,0.95,2368.30,1.18,433.05,1.05,781.40,1.30,145.23,1.90,3885.15,1.75,1450.65,1.91,2055.75,1.33,7857.40,1.43,673.20,0.82
13-09-2021,58262.11,3366.60,1.21,788.35,0.89,7445.05,1.87,1692.91,2.52,682.79,1.62,4931.40,1.52,1207.60,3.25,2847.65,1.48,1555.35,1.76,2786.35,1.71,707.30,2.01,995.95,1.22,1691.00,1.55,214.10,1.63,1836.80,3.03,1671.65,0.88,745.40,1.92,6872.95,1.38,20434.60,1.27,114.90,1.09,173.90,0.81,2371.55,2.61,432.75,1.15,780.10,1.47,146.32,2.46,3843.90,2.42,1428.55,1.38,2030.90,1.12,7934.30,0.69,670.80,2.11
09-09-2021,58172.98,3346.00,1.63,790.15,1.21,7428.55,1.10,1674.33,2.02,673.66,3.03,4912.05,0.93,1198.70,1.86,2829.10,1.38,1567.65,1.15,2810.65,1.50,720.20,0.83,999.80,1.34,1691.80,0.76,212.70,1.49,1817.85,1.94,1669.55,1.41,750.70,1.14,6801.85,1.23,20439.45,3.41,114.50,0.97,173.50,1.34,2425.45,0.92,432.20,0.87,776.40,1.39,144.74,2.10,3791.75,1.18,1433.55,1.68,2033.85,1.79,7941.80,0.96,662.20,1.62
08-09-2021,58350.56,3331.20,1.84,794.70,1.83,7462.40,1.33,1656.37,2.13,655.50,2.86,4911.30,1.62,1188.60,2.06,2828.10,1.73,1577.10,0.92,2800.90,1.62,720.70,1.06,999.30,2.90,1693.00,1.24,211.20,1.57,1817.90,4.22,1665.85,2.17,754.60,1.13,6784.80,1.50,19876.65,3.71,113.95,1.96,172.90,1.91,2430.60,2.03,431.45,1.72,777.20,1.93,142.98,1.71,3774.10,1.57,1427.55,1.67,2056.90,2.54,7991.90,1.52,662.35,2.45
07-09-2021,58418.69,3335.00,2.06,787.85,2.22,7455.65,2.09,1677.92,1.82,658.35,5.04,4897.45,1.45,1182.40,2.76,2836.05,3.75,1569.15,1.72,2777.70,1.40,716.55,1.50,1001.65,2.77,1706.50,1.77,211.75,1.93,1765.90,1.88,1680.35,1.60,753.10,1.45,6876.50,1.07,20373.25,0.89,115.95,1.34,173.20,1.42,2441.30,1.91,428.95,1.60,769.65,2.13,142.78,2.70,3814.75,1.63,1435.55,2.76,2033.50,1.20,8019.30,1.84,674.20,2.69
06-09-2021,58410.35,3314.85,1.35,800.80,1.33,7507.45,1.67,1675.67,1.76,642.45,1.87,4915.95,1.47,1199.70,2.97,2765.15,1.32,1566.80,1.21,2780.60,1.79,721.00,1.13,992.10,1.77,1730.00,1.88,209.35,1.05,1774.35,2.00,1694.90,1.54,754.60,1.61,6847.65,1.73,20209.45,0.88,116.45,1.68,174.25,1.91,2424.55,2.76,431.05,0.84,783.80,1.65,143.75,2.00,3851.05,1.60,1460.30,2.09,2020.90,1.20,7949.90,1.50,686.85,4.95
03-09-2021,57983.45,3338.75,1.73,798.00,2.82,7525.05,1.27,1672.89,1.80,646.18,2.33,4898.55,0.97,1174.25,1.86,2758.05,1.56,1575.65,1.88,2766.70,1.91,724.60,1.45,1003.40,3.17,1700.30,1.23,210.55,0.72,1792.10,1.94,1686.55,1.92,750.05,1.57,6863.30,3.03,20260.15,1.15,117.05,1.16,175.50,1.40,2388.25,3.79,431.40,1.38,789.15,1.64,144.32,2.55,3841.35,1.40,1441.65,1.43,2018.75,2.89,7928.20,2.02,655.00,1.07
02-09-2021,57430.63,3300.50,1.56,802.70,1.73,7499.40,1.88,1670.11,1.83,653.83,1.44,4859.70,1.96,1173.15,2.41,2776.85,1.68,1589.10,1.27,2801.05,2.92,725.10,1.44,1010.20,1.69,1688.45,1.91,209.75,1.08,1778.70,2.58,1685.60,1.64,752.50,3.32,6791.00,2.09,20242.30,2.58,116.55,1.43,175.90,1.32,2293.65,2.15,429.65,1.33,790.10,1.35,142.51,1.49,3837.95,3.58,1438.75,2.17,1966.85,1.58,7954.40,2.69,651.55,2.54
01-09-2021,57763.53,3303.10,3.54,798.90,2.97,7522.90,2.48,1678.45,3.08,653.93,2.91,4763.45,2.08,1164.65,2.55,2745.85,2.15,1578.50,1.43,2732.90,2.21,719.20,2.40,998.60,3.11,1677.35,2.39,209.50,1.43,1745.80,1.15,1686.60,2.64,770.15,4.32,6785.35,1.81,19832.60,1.54,115.35,1.70,175.60,1.29,2269.75,7.65,429.70,1.67,788.30,2.05,141.14,3.31,3714.05,2.96,1436.15,2.62,1939.25,2.04,7764.15,3.11,642.05,1.87
31-08-2021,56995.15,3200.75,3.33,786.50,1.36,7519.95,6.37,1713.42,4.53,651.48,6.79,4704.05,1.53,1181.45,2.69,2799.05,2.58,1581.50,1.47,2724.10,2.31,718.85,1.47,993.50,1.86,1704.15,1.70,211.25,2.00,1754.45,1.31,1671.40,1.83,793.05,1.84,6844.25,1.59,19458.10,2.47,115.95,1.44,175.65,1.09,2259.30,1.81,426.00,1.98,794.15,2.10,145.01,1.81,3786.55,2.70,1447.30,3.33,1921.25,2.54,7833.95,2.40,641.25,2.15
30-08-2021,56329.25,3106.70,2.07,784.05,4.71,7165.65,3.08,1655.16,2.04,608.93,5.72,4677.85,2.66,1163.00,1.29,2754.90,1.52,1568.05,1.41,2687.70,1.28,713.55,2.00,1005.00,2.16,1697.85,1.68,207.95,1.07,1735.90,1.30,1659.85,2.42,791.95,1.42,6797.10,2.19,19763.60,1.99,115.00,1.94,175.55,2.00,2270.05,1.58,422.70,2.31,786.55,3.44,143.95,3.67,3701.40,1.42,1419.35,2.73,1877.65,3.00,7701.75,2.21,632.20,1.44
27-08-2021,55862.93,3037.25,1.18,752.40,2.51,6963.30,2.18,1619.87,2.92,583.01,3.44,4600.55,2.33,1162.70,0.91,2718.25,2.29,1548.70,0.95,2677.95,1.47,699.60,1.60,990.85,1.22,1708.45,1.37,205.90,1.08,1715.90,2.00,1637.65,4.19,775.10,2.57,6605.80,1.43,19953.95,1.18,113.35,1.47,174.35,1.75,2226.75,1.19,412.35,1.72,771.85,2.45,138.41,1.34,3720.15,2.13,1446.55,1.80,1822.50,1.81,7567.40,3.62,634.85,1.68
26-08-2021,55988.41,3039.70,1.90,746.35,2.41,6934.90,2.00,1595.57,2.84,576.04,4.66,4503.50,1.53,1167.55,1.47,2699.75,1.19,1554.85,1.78,2666.40,2.54,698.45,1.67,1001.30,1.73,1726.95,1.51,204.70,1.17,1697.60,1.58,1595.25,1.06,781.35,1.91,6609.05,1.89,20046.80,1.50,112.70,2.46,173.20,2.48,2230.65,1.81,410.80,1.41,760.30,1.48,137.45,2.14,3671.05,1.04,1449.45,1.58,1815.75,1.57,7306.65,1.49,628.95,1.98
25-08-2021,56067.06,3038.95,1.83,739.05,2.21,6942.85,1.90,1589.67,6.04,601.17,2.11,4548.95,1.58,1154.55,2.57,2698.95,0.82,1556.95,1.07,2645.00,1.75,690.90,1.88,1006.10,1.45,1737.20,1.82,206.40,0.90,1698.20,1.28,1593.40,2.21,772.25,1.85,6715.80,1.91,19907.40,2.64,113.95,1.27,175.55,1.34,2202.30,1.83,416.20,1.63,768.75,2.08,139.04,3.26,3659.50,2.44,1463.00,1.90,1822.05,2.75,7383.15,1.63,631.15,2.10
24-08-2021,55647.11,3045.80,1.92,746.35,2.49,6978.75,4.73,1647.53,8.66,608.43,1.73,4587.40,3.37,1152.20,2.00,2692.10,1.50,1558.75,2.42,2633.00,1.84,694.35,2.44,1005.05,2.22,1720.75,2.52,205.70,1.10,1704.50,1.95,1607.95,2.10,778.00,2.41,6808.40,1.63,19785.20,2.43,114.00,2.51,176.95,1.99,2182.80,1.69,417.55,2.57,771.65,3.04,140.46,3.14,3612.20,2.03,1463.90,3.56,1868.85,1.81,7456.45,1.35,633.35,1.87
23-08-2021,55695.84,3073.70,3.72,736.10,2.06,6753.85,1.79,1526.82,2.36,611.09,3.73,4514.85,2.20,1162.90,4.61,2721.50,1.80,1523.50,1.66,2634.15,3.02,682.60,2.21,988.70,3.49,1739.20,1.22,206.35,2.04,1717.50,1.40,1581.00,3.16,766.15,4.02,6826.75,1.65,20016.50,2.70,113.35,2.90,175.70,3.10,2162.40,1.85,409.30,2.89,758.90,2.52,135.86,7.57,3635.85,3.07,1415.60,2.39,1870.55,2.39,7350.10,3.25,628.65,2.18
20-08-2021,55159.13,3112.70,4.04,740.25,1.74,6656.50,4.27,1497.17,2.00,601.66,4.24,4556.00,3.37,1117.15,3.28,2722.60,1.48,1514.35,2.20,2619.40,6.22,680.40,1.35,979.35,2.09,1732.15,1.48,209.05,1.89,1703.75,2.18,1593.50,2.08,785.80,2.02,6847.55,2.02,19552.80,5.56,114.15,3.97,178.50,1.49,2146.20,1.58,406.95,2.97,761.15,5.50,137.58,7.06,3557.45,1.98,1399.35,3.94,1875.85,1.80,7490.70,2.51,619.85,2.22
18-08-2021,56073.31,3003.40,1.90,754.40,1.77,6544.45,3.63,1501.10,3.99,611.28,2.09,4687.05,1.71,1133.85,2.47,2711.00,2.72,1512.90,3.73,2486.05,1.87,688.40,2.68,989.40,1.95,1733.35,1.62,208.95,1.49,1750.65,2.98,1631.65,2.06,791.20,1.24,6841.35,1.81,18910.00,1.22,116.50,2.28,180.40,3.33,2171.55,1.55,419.85,1.51,782.95,1.55,149.99,2.05,3558.50,1.63,1412.70,1.46,1879.80,1.70,7592.60,4.18,629.20,2.33
17-08-2021,55565.64,3013.55,2.33,756.75,1.43,6408.70,2.09,1474.83,3.11,614.77,2.35,4700.50,1.25,1141.25,3.51,2739.10,1.55,1514.85,1.27,2483.80,2.32,701.00,1.63,1000.50,2.58,1741.45,3.59,209.20,1.29,1788.00,0.96,1638.20,2.39,790.55,2.77,6888.20,2.86,18729.95,2.68,117.35,2.75,183.20,1.52,2163.95,1.71,421.35,2.55,783.95,1.86,150.35,2.79,3552.40,2.78,1414.90,4.46,1873.75,2.63,7410.30,1.73,634.80,4.11
16-08-2021,55479.74,2972.30,0.84,762.00,1.30,6376.35,4.81,1454.46,2.06,622.08,1.95,4661.15,1.68,1123.00,1.38,2729.80,1.50,1529.35,0.88,2426.40,1.85,702.50,1.19,1018.65,1.65,1704.75,1.76,210.90,1.33,1781.00,1.64,1656.35,1.37,799.30,2.88,6828.80,3.14,18297.00,1.49,118.85,1.23,180.70,2.44,2172.45,3.44,424.85,2.33,780.60,1.50,151.91,4.20,3471.75,1.61,1367.60,2.84,1837.75,1.57,7348.00,2.24,614.05,1.73
13-08-2021,54911.95,2988.40,0.87,759.90,1.37,6152.15,1.58,1430.23,1.33,625.32,3.31,4652.20,2.24,1119.70,3.04,2703.15,2.02,1525.10,1.99,2404.50,0.91,704.80,1.25,1024.05,2.16,1712.50,1.81,211.30,1.46,1787.90,1.39,1667.45,3.14,778.75,2.13,6999.10,0.95,18268.30,0.79,118.30,1.88,184.65,2.02,2144.75,1.88,431.35,1.72,777.85,2.64,146.13,6.06,3461.90,3.77,1382.75,1.73,1838.05,1.12,7463.95,1.26,615.50,2.34
12-08-2021,54641.22,2975.75,0.87,757.35,1.33,6198.10,1.66,1433.96,1.67,611.77,1.96,4716.40,1.34,1097.05,3.09,2668.75,1.07,1501.40,1.05,2392.30,1.52,701.50,1.45,1035.30,1.92,1690.50,1.29,208.90,2.78,1787.95,1.61,1622.40,2.83,776.15,2.69,7010.00,1.40,18136.55,0.90,119.05,2.32,187.05,6.44,2110.25,1.01,427.10,1.29,778.95,1.23,143.50,1.99,3353.95,1.06,1387.05,5.69,1823.55,3.04,7466.30,1.90,605.85,1.29
11-08-2021,54730.65,2972.05,1.54,760.80,2.19,6162.80,2.47,1420.64,2.66,609.32,2.49,4744.85,1.64,1066.95,2.07,2658.05,2.10,1494.95,1.85,2390.45,1.39,693.45,2.52,1041.15,2.52,1677.45,0.94,208.65,1.47,1780.70,3.18,1585.50,2.20,778.70,2.92,7023.85,2.42,18164.15,1.40,116.95,2.62,176.10,2.52,2116.10,1.77,428.00,2.32,779.35,2.79,142.65,3.32,3340.55,0.98,1323.30,2.17,1789.40,2.36,7451.60,2.38,600.95,1.29
10-08-2021,54461.31,2976.35,1.58,761.55,1.19,6167.60,1.66,1403.53,2.28,610.79,4.87,4769.75,2.65,1063.75,2.23,2670.90,2.09,1507.45,1.98,2381.80,1.48,701.00,1.56,1033.70,2.28,1676.35,1.10,209.80,2.76,1812.75,2.78,1587.15,2.43,786.40,1.77,7001.40,1.56,18277.90,1.50,114.25,3.12,172.55,2.98,2088.40,1.89,426.40,3.49,793.45,2.05,137.35,3.71,3333.25,1.03,1323.10,3.60,1800.65,1.65,7471.90,1.58,603.65,2.64
09-08-2021,54385.71,2992.75,1.45,755.50,2.39,6190.45,2.07,1424.08,3.22,588.21,2.59,4818.50,1.57,1050.70,2.17,2622.45,2.08,1503.65,1.80,2384.50,0.85,702.75,1.64,1042.65,1.65,1663.00,1.27,213.75,2.12,1780.75,1.44,1597.85,2.09,774.90,3.11,7081.60,1.95,18196.85,1.14,116.75,2.14,176.45,1.69,2077.25,1.15,433.40,2.51,788.55,1.34,141.21,2.71,3322.40,0.80,1286.90,2.57,1800.10,2.64,7494.25,1.92,596.65,1.78
06-08-2021,54492.17,2968.65,1.28,740.85,2.55,6223.20,1.41,1400.42,0.98,596.61,4.91,4786.30,1.05,1050.35,2.57,2630.00,1.93,1493.70,1.66,2371.50,0.99,697.40,1.48,1029.20,3.40,1650.35,1.01,214.35,1.55,1778.95,1.94,1609.75,2.02,758.40,2.25,7102.20,1.96,18095.05,1.62,117.65,1.85,175.05,1.03,2089.05,3.21,435.65,3.00,785.15,1.89,142.88,2.20,3310.15,1.80,1264.90,2.36,1788.10,1.13,7527.30,2.80,598.10,1.73
05-08-2021,54576.64,2989.00,1.98,749.30,1.55,6247.85,2.68,1399.41,2.63,587.87,7.10,4782.30,1.41,1060.80,3.80,2660.80,1.67,1485.65,3.39,2357.70,1.57,702.10,2.46,998.15,2.54,1654.85,1.17,215.15,4.76,1772.70,2.26,1626.65,1.44,759.15,1.29,7026.50,1.11,18214.25,1.56,116.50,1.55,175.00,1.41,2133.30,2.39,441.85,5.50,785.85,1.35,144.64,4.50,3285.15,1.53,1247.85,3.08,1799.05,3.27,7657.55,2.31,601.00,2.94
04-08-2021,54071.22,3016.25,1.35,753.80,2.48,6360.95,2.52,1418.65,2.38,563.63,2.89,4768.80,1.79,1040.75,1.27,2675.75,4.30,1464.85,2.35,2377.10,1.15,714.75,3.48,1019.90,3.02,1649.15,2.48,208.60,1.42,1749.80,3.82,1622.55,1.83,765.95,1.49,7101.95,3.47,18050.80,1.81,117.65,1.89,175.15,1.49,2103.55,1.30,457.05,5.84,785.65,2.32,141.60,3.07,3273.45,1.33,1216.85,1.31,1799.80,3.49,7750.90,2.21,596.85,1.80
03-08-2021,53125.97,3027.30,2.27,738.60,3.00,6328.35,2.08,1428.18,1.13,569.52,3.53,4721.70,0.80,1039.35,1.81,2553.95,3.33,1434.45,1.85,2386.85,2.88,690.05,2.21,1021.45,3.61,1654.10,1.36,209.80,2.03,1686.70,1.47,1633.15,1.73,770.45,2.24,7196.30,1.97,18287.80,4.20,117.60,1.33,174.45,2.37,2086.90,1.31,446.45,3.24,794.85,4.56,140.71,2.15,3284.15,2.17,1226.05,1.62,1839.15,4.31,7848.45,3.38,599.15,1.77
02-08-2021,52901.28,2970.90,0.91,721.15,1.90,6198.95,1.75,1412.47,2.56,554.64,1.85,4701.55,1.34,1035.25,1.54,2462.30,2.56,1422.75,1.52,2332.80,1.24,681.55,1.52,987.95,1.21,1631.35,0.92,207.25,0.92,1664.55,1.16,1613.70,0.95,757.85,2.01,7075.30,1.07,17709.05,1.27,117.80,1.71,170.90,1.50,2071.50,1.86,434.85,1.10,774.45,4.66,140.99,3.06,3217.90,1.85,1211.00,1.84,1770.25,2.82,7639.60,1.24,591.85,2.22
30-07-2021,52792.36,2958.55,1.96,708.90,1.63,6228.90,3.11,1422.13,3.10,551.55,1.94,4711.20,2.72,1025.45,4.21,2440.75,2.00,1425.80,1.57,2333.30,1.66,682.70,1.53,981.00,2.07,1610.25,1.08,205.00,1.22,1654.95,2.63,1601.40,2.50,743.20,3.81,6978.70,1.86,17702.75,1.52,118.20,3.05,171.05,2.76,2035.40,1.86,431.70,3.16,774.00,12.06,143.38,3.14,3167.50,1.89,1209.45,5.27,1714.50,2.36,7623.75,1.77,586.60,1.44
29-07-2021,52693.53,2997.25,1.58,717.25,1.75,6394.30,2.62,1459.05,7.00,556.46,1.97,4672.65,2.25,1007.60,2.17,2413.85,1.24,1417.50,1.12,2334.75,1.78,687.40,1.44,991.95,1.62,1616.85,0.91,206.00,2.14,1641.50,1.83,1595.80,1.32,731.70,1.67,6991.90,2.59,17909.90,2.02,116.75,2.52,167.40,3.92,2055.25,1.50,441.75,4.29,703.25,3.70,145.90,8.28,3196.60,1.10,1127.75,2.23,1740.10,1.62,7701.10,1.08,590.95,1.69
28-07-2021,52673.69,3002.90,1.63,722.90,3.19,6258.60,2.03,1396.53,1.78,557.44,5.99,4731.75,4.46,982.65,1.73,2427.15,2.12,1417.60,2.33,2361.40,1.08,685.30,2.53,992.30,3.04,1605.30,1.37,209.15,1.23,1653.20,3.64,1593.80,3.02,728.45,3.47,7150.20,3.42,18012.60,2.45,116.75,3.28,171.04,2.37,2036.85,2.16,425.45,2.26,687.55,2.82,136.51,4.88,3197.50,2.24,1119.50,2.16,1720.65,2.00,7650.60,2.25,591.80,1.78
27-07-2021,52995.72,3027.45,2.08,731.70,3.69,6231.20,2.43,1380.12,2.52,530.50,1.75,4843.35,13.91,992.80,1.84,2434.75,1.89,1439.80,0.97,2342.40,1.18,677.65,1.83,975.65,3.18,1602.60,0.68,208.65,2.40,1697.95,3.30,1608.20,2.13,745.40,2.24,7241.45,2.24,18238.45,2.60,118.75,1.31,174.07,1.69,2054.30,2.07,429.45,2.15,688.00,4.68,133.05,2.05,3183.05,1.53,1122.20,2.29,1731.35,1.68,7590.25,1.58,591.50,1.81
26-07-2021,52985.26,3063.30,2.20,756.30,2.01,6162.15,1.01,1352.54,3.20,533.88,2.09,5411.25,0.87,1000.00,1.59,2464.15,0.94,1434.45,0.97,2348.70,0.94,676.75,3.60,981.30,1.82,1604.05,1.34,211.10,2.37,1740.40,4.32,1597.85,2.23,754.35,1.60,7235.60,2.35,18077.55,0.97,119.40,1.52,174.41,1.38,2077.70,2.41,423.30,1.48,703.55,1.40,129.81,2.32,3199.35,1.03,1120.05,1.89,1722.55,2.06,7623.35,3.02,590.60,1.98
23-07-2021,52967.87,3083.20,1.67,755.40,3.23,6179.65,1.37,1320.06,2.25,538.45,5.19,5422.15,1.34,994.25,2.08,2484.10,1.21,1442.85,1.55,2358.10,1.57,676.65,4.13,988.70,2.33,1590.35,0.79,212.35,3.46,1723.10,1.99,1612.00,2.37,763.85,1.25,7290.20,1.31,18122.85,1.83,118.50,1.52,174.79,1.01,2105.20,1.53,429.15,2.50,694.00,2.48,128.19,1.66,3212.05,1.08,1130.30,2.20,1700.65,1.67,7488.95,2.09,599.15,3.00
22-07-2021,52494.56,3104.45,2.89,746.75,2.36,6198.00,5.38,1306.54,6.09,536.44,4.63,5384.50,1.27,978.60,0.92,2490.40,1.32,1449.10,1.62,2378.15,5.58,655.80,1.68,992.45,1.79,1590.20,2.38,207.05,1.14,1708.65,1.11,1641.55,3.41,758.10,1.80,7295.80,1.09,17995.20,1.71,119.30,0.89,174.86,3.15,2121.00,1.21,422.00,1.38,687.20,1.82,127.29,2.56,3216.55,1.12,1148.45,6.49,1702.10,2.00,7459.85,3.40,584.05,2.43
20-07-2021,52432.88,3159.20,6.58,745.75,1.48,5937.90,2.73,1259.14,1.67,516.17,2.54,5344.05,2.13,977.30,3.97,2458.60,1.23,1443.00,1.24,2434.90,2.37,642.00,1.85,982.10,3.96,1549.70,1.27,206.80,1.43,1703.20,2.12,1590.00,2.50,760.15,3.65,7233.25,1.62,17829.40,1.06,118.45,3.30,173.48,2.32,2093.60,1.16,420.80,1.87,676.85,2.69,123.27,3.86,3205.30,1.86,1087.00,1.54,1670.40,1.72,7423.20,2.90,568.55,2.96
19-07-2021,52606.99,2979.35,1.10,755.20,2.27,6012.75,3.15,1271.23,1.41,528.39,2.92,5419.35,1.17,1000.20,2.56,2482.35,1.10,1470.95,1.69,2408.65,0.77,656.05,2.30,1015.85,2.86,1541.80,1.03,207.80,1.43,1721.55,1.70,1609.10,2.61,775.10,1.31,7165.95,2.08,17749.20,1.56,121.35,2.65,174.75,1.51,2099.10,1.48,427.70,2.17,689.00,1.72,126.63,2.81,3184.40,0.79,1094.25,2.17,1680.55,2.00,7312.00,1.92,573.60,2.43
16-07-2021,53244.40,2992.65,1.50,771.15,1.23,6126.80,1.51,1275.16,2.30,531.04,3.35,5406.55,1.23,1004.90,5.07,2536.95,0.99,1521.70,0.70,2417.40,1.00,660.25,1.47,1044.55,1.50,1555.00,1.94,207.90,1.21,1750.30,1.21,1619.10,1.64,779.55,0.93,7303.65,0.77,17650.10,0.94,119.10,1.90,175.35,2.36,2111.80,1.41,430.20,1.06,688.65,1.96,127.83,1.80,3194.65,0.91,1103.00,2.90,1695.80,1.24,7331.40,2.39,577.65,3.65
15-07-2021,52968.89,2982.75,1.22,774.15,1.53,6125.70,1.22,1295.57,1.49,515.87,1.62,5393.65,1.25,1040.00,6.16,2539.60,1.53,1520.50,1.65,2412.35,1.00,667.30,1.27,1055.05,1.61,1580.30,2.97,206.20,2.74,1750.05,0.97,1609.05,4.93,779.90,1.02,7307.05,1.24,17618.80,1.16,120.35,1.76,172.76,0.85,2083.25,0.83,431.65,0.72,683.50,0.97,125.61,2.27,3201.50,1.19,1112.15,4.01,1702.30,1.33,7191.45,1.59,575.75,3.71
14-07-2021,52801.44,3002.00,0.77,770.05,1.24,6133.50,1.01,1298.88,1.39,520.24,0.86,5390.85,1.70,989.50,2.87,2533.35,1.22,1498.35,1.08,2414.85,1.34,664.10,1.41,1052.30,1.12,1576.90,2.87,204.15,1.76,1748.70,1.27,1544.30,2.66,786.40,1.40,7328.25,1.95,17535.55,1.21,120.70,0.92,172.46,1.24,2086.00,1.19,430.95,1.34,685.80,1.64,124.46,2.33,3213.85,1.26,1078.40,2.97,1711.10,1.40,7117.45,2.42,561.60,7.09
13-07-2021,52694.89,2993.10,1.64,770.75,2.38,6153.45,1.37,1291.12,1.46,520.58,1.37,5437.10,1.93,969.20,1.78,2544.20,2.51,1501.50,1.44,2436.70,1.05,664.60,2.00,1055.65,1.53,1544.90,1.50,201.85,0.42,1747.75,1.69,1513.35,0.91,781.20,1.07,7426.65,1.69,17673.80,0.58,119.80,3.39,171.45,1.54,2099.55,0.73,429.15,0.77,683.00,2.88,122.89,1.63,3187.90,1.26,1050.10,1.14,1722.75,0.88,7126.70,1.03,524.90,1.22
12-07-2021,52634.33,2998.95,1.62,753.60,1.27,6148.35,1.54,1290.82,1.61,519.90,2.17,5494.30,1.10,979.05,0.85,2478.15,2.40,1487.30,1.42,2444.15,1.23,646.30,1.22,1049.10,1.69,1547.95,2.78,201.15,0.80,1732.75,1.04,1500.90,1.61,772.95,1.25,7471.15,1.83,17645.35,0.86,117.80,1.06,171.82,1.86,2084.45,1.28,427.50,1.32,668.85,0.90,122.68,3.32,3192.95,1.57,1056.50,1.33,1719.70,1.55,7093.50,2.76,525.90,1.69
09-07-2021,52508.24,3010.45,0.94,747.35,1.71,6136.25,1.79,1285.16,4.57,526.08,2.77,5460.30,1.91,976.85,1.26,2496.75,0.99,1501.80,1.23,2451.45,1.07,638.65,1.24,1040.20,2.15,1562.75,1.28,201.40,0.75,1720.15,0.99,1499.25,1.13,771.55,1.23,7425.15,1.38,17640.75,0.63,117.90,1.85,172.65,0.61,2073.20,1.22,423.60,1.50,667.85,1.19,123.92,4.64,3207.75,2.53,1051.60,1.86,1720.40,1.26,6897.50,1.15,525.80,1.36
08-07-2021,53065.69,3022.05,1.23,754.40,2.06,6118.25,2.37,1233.12,1.73,515.53,1.74,5466.75,2.54,976.90,1.24,2511.95,1.36,1520.10,1.43,2447.55,1.28,641.70,2.40,1045.20,2.39,1560.50,1.73,202.05,1.16,1732.75,2.18,1500.80,1.76,776.15,2.06,7400.90,1.57,17618.80,0.79,117.45,1.28,173.36,1.57,2092.90,1.67,424.40,3.15,667.00,2.37,118.97,4.11,3257.10,2.00,1059.80,1.72,1726.80,1.36,6902.40,2.17,531.05,1.66
07-07-2021,52919.71,3039.55,1.66,762.90,1.56,6198.75,1.99,1236.97,3.31,519.85,1.30,5562.10,1.81,975.40,1.75,2528.35,1.93,1539.15,1.10,2481.65,1.84,653.65,1.32,1044.60,3.33,1563.80,1.69,203.70,1.38,1761.60,1.44,1515.25,1.54,777.45,1.83,7451.35,1.97,17714.80,2.38,117.35,1.07,173.14,1.09,2110.15,1.38,432.55,1.49,680.35,2.09,121.78,5.70,3275.30,1.28,1045.95,2.83,1727.05,3.81,6922.85,1.98,532.10,2.09
06-07-2021,52874.85,3003.80,1.05,758.35,1.56,6203.45,4.79,1209.44,3.41,516.26,1.30,5539.45,0.86,972.10,1.22,2493.30,1.16,1534.35,3.01,2472.50,1.17,650.55,1.52,1030.00,1.96,1562.50,1.91,202.55,0.74,1754.75,1.90,1505.10,1.24,781.35,2.06,7511.85,2.30,17489.65,1.04,117.60,1.62,171.75,0.96,2125.95,1.37,429.65,1.95,673.25,1.52,116.68,2.43,3262.35,2.24,1050.05,2.77,1763.30,1.52,6935.30,3.89,532.55,1.22
05-07-2021,52682.89,3016.95,1.40,760.35,1.14,6071.85,1.50,1192.46,1.23,514.25,1.04,5537.90,1.16,980.55,1.66,2494.80,1.09,1495.00,1.36,2499.05,1.14,647.65,1.10,1020.20,2.23,1579.10,1.40,203.60,0.72,1731.60,1.07,1507.70,1.74,791.65,1.10,7597.60,1.53,17634.55,1.00,118.60,1.58,172.69,1.10,2149.90,1.01,432.70,2.36,680.45,1.14,115.68,2.20,3321.55,2.13,1074.80,2.13,1749.55,1.15,6718.70,1.31,536.25,1.42
02-07-2021,52434.55,3004.45,1.26,750.65,1.19,5998.20,1.07,1174.84,2.53,515.18,2.50,5575.70,1.61,984.90,1.07,2475.10,1.41,1480.65,0.88,2487.30,1.66,640.30,1.57,1009.95,1.39,1567.40,1.77,202.40,0.82,1716.30,1.03,1485.90,1.67,782.45,1.40,7569.80,1.15,17602.75,0.83,117.30,1.62,171.04,1.53,2129.20,1.86,424.55,1.49,680.80,1.68,113.60,3.18,3325.55,1.27,1089.45,2.05,1756.50,1.49,6720.75,0.93,538.75,1.60
01-07-2021,52638.50,3023.30,0.99,746.45,1.33,5967.25,1.83,1181.31,3.16,513.22,1.71,5558.50,3.10,985.65,1.28,2460.15,1.36,1486.45,1.25,2478.00,0.85,630.65,1.16,1007.60,1.68,1560.45,1.45,203.00,0.82,1715.25,0.97,1492.25,1.64,779.25,3.04,7585.90,1.39,17641.60,1.08,117.25,1.82,173.18,1.17,2097.75,1.31,420.40,1.50,684.75,1.77,116.33,1.69,3341.00,0.90,1085.20,1.65,1741.95,1.17,6707.65,1.88,539.40,1.51
30-06-2021,52651.09,2990.85,1.48,748.30,1.87,6016.15,2.07,1211.66,2.20,515.38,1.14,5423.05,1.18,984.40,0.97,2474.25,1.66,1498.05,0.99,2471.30,1.71,630.85,1.71,1016.15,1.52,1581.25,1.81,202.75,0.94,1706.40,2.63,1501.25,1.74,778.35,1.77,7513.80,1.98,17676.75,0.97,116.40,2.02,174.23,2.39,2110.90,1.51,419.25,1.58,675.50,1.37,116.68,2.45,3345.25,1.29,1095.10,1.90,1732.10,1.49,6776.65,1.61,545.65,1.04
29-06-2021,52795.76,3001.40,1.64,751.95,1.80,6052.85,2.15,1230.03,1.70,515.18,1.57,5433.10,1.39,983.70,1.31,2500.15,1.47,1501.60,1.17,2492.55,2.15,640.20,1.89,1017.25,2.22,1562.60,0.93,203.35,1.03,1705.40,1.94,1510.50,1.66,781.75,1.62,7484.65,2.28,17578.70,1.25,117.60,2.64,176.89,2.68,2087.20,1.23,421.50,1.96,677.25,1.19,117.25,2.53,3339.60,1.17,1088.55,2.48,1731.75,1.41,6823.65,1.54,542.50,2.31
28-06-2021,53126.73,2982.85,2.10,762.40,1.56,6035.25,1.75,1238.02,1.66,521.37,1.25,5404.25,2.02,985.55,1.57,2494.90,1.21,1508.10,1.22,2460.20,1.14,650.10,1.29,1007.35,2.52,1571.55,1.31,203.65,1.28,1732.50,1.50,1513.95,1.15,793.55,1.21,7593.85,1.62,17508.10,0.81,116.15,1.55,173.85,0.93,2086.00,2.21,426.65,1.99,676.25,1.48,118.40,2.24,3335.60,1.91,1104.80,2.46,1728.00,2.67,6868.60,1.47,547.25,1.24
25-06-2021,52877.16,3003.25,2.29,761.35,3.85,6074.65,1.23,1248.88,1.79,525.15,1.18,5309.30,1.31,995.50,2.12,2507.60,1.28,1514.15,1.03,2448.65,1.84,648.65,2.21,1012.70,3.31,1574.45,2.23,205.05,1.16,1734.95,1.90,1522.90,1.39,794.10,1.51,7643.70,1.85,17501.50,1.21,116.05,2.94,173.14,1.41,2104.30,3.78,428.75,2.89,672.20,1.66,116.50,3.59,3380.70,1.43,1089.25,2.36,1755.45,3.27,6922.15,1.42,547.55,2.06
24-06-2021,52514.57,3042.90,2.46,739.15,1.62,6042.90,1.64,1229.73,1.89,519.06,1.51,5277.65,1.24,990.70,2.55,2487.30,1.13,1506.25,1.62,2490.15,1.24,633.80,1.76,1001.55,1.15,1559.15,3.73,203.35,1.01,1738.00,0.80,1504.10,2.03,792.10,1.90,7529.60,1.89,17596.40,1.94,118.05,2.42,173.36,2.15,2153.35,3.50,417.10,1.51,664.70,1.22,111.32,1.97,3373.60,3.34,1079.85,2.78,1780.60,1.41,6959.20,1.22,549.00,2.08
23-06-2021,52912.35,2988.50,1.79,732.35,1.77,6015.20,1.88,1228.08,2.57,524.26,1.22,5299.35,1.19,972.70,1.41,2497.90,2.04,1485.15,1.27,2480.50,2.27,624.55,1.85,999.25,2.08,1502.85,1.76,204.05,1.10,1736.80,2.20,1479.80,2.09,781.90,1.40,7432.95,3.27,17406.05,1.07,117.25,1.92,174.15,1.66,2205.10,2.21,418.90,2.35,665.15,1.22,109.98,2.96,3262.10,2.10,1056.25,2.19,1782.75,1.70,6903.70,2.44,540.30,4.09
22-06-2021,52885.04,3010.85,2.92,739.35,1.62,6017.40,3.28,1213.31,4.10,526.77,4.97,5308.35,1.32,981.45,1.15,2521.75,1.26,1484.35,1.89,2490.25,2.11,630.60,2.29,1000.35,2.40,1511.70,1.31,205.05,1.00,1760.00,1.78,1499.15,2.29,775.40,2.14,7263.75,5.29,17451.20,2.20,118.30,1.75,175.50,1.96,2226.00,1.84,418.75,2.13,666.45,2.18,111.36,2.13,3300.65,1.20,1056.00,1.72,1756.80,1.37,6856.50,2.70,556.45,3.22
21-06-2021,51887.55,3069.55,1.81,739.55,2.83,6115.85,2.32,1216.17,4.11,529.57,1.94,5282.00,1.40,981.75,2.27,2516.30,2.79,1488.50,2.82,2514.35,2.51,631.05,2.66,1007.80,4.23,1500.35,1.46,204.55,1.75,1772.65,2.63,1466.90,1.52,776.95,2.14,6901.50,1.20,17642.50,1.03,117.95,4.73,176.21,3.02,2237.60,2.12,419.55,5.17,671.25,1.70,110.55,4.19,3272.45,1.01,1063.20,1.38,1742.90,3.57,6781.25,4.20,542.20,2.11
18-06-2021,52568.07,3049.65,1.97,736.30,2.90,6087.30,3.01,1199.80,3.22,528.98,4.49,5283.90,2.11,975.20,2.78,2487.65,2.51,1479.85,2.26,2482.90,3.81,630.25,2.62,994.90,4.14,1504.50,1.98,204.60,1.98,1760.60,2.47,1475.55,2.08,781.90,4.41,6958.70,2.25,17678.30,2.70,113.55,4.65,174.75,7.30,2225.05,2.32,412.80,5.38,668.40,3.10,109.13,5.63,3297.00,2.53,1070.75,3.49,1708.95,2.20,6693.75,2.19,550.10,2.92
17-06-2021,52122.25,3060.35,2.41,738.60,1.28,6050.00,3.19,1181.81,1.66,518.96,2.66,5286.50,3.15,986.35,1.12,2487.00,1.05,1465.95,1.24,2417.70,1.66,632.50,1.68,984.25,5.52,1497.05,1.97,205.50,1.44,1767.90,1.99,1488.55,1.30,805.45,2.13,6968.75,2.27,18053.50,1.56,117.25,3.17,179.77,3.12,2215.55,2.53,420.20,2.21,664.70,1.78,110.36,3.45,3320.10,2.30,1080.25,2.57,1708.10,1.18,6708.15,3.47,558.90,2.11
16-06-2021,52782.21,3019.00,1.17,749.80,1.42,6083.00,1.58,1185.29,1.72,526.57,1.59,5406.10,2.20,979.10,1.18,2521.55,1.18,1484.15,1.05,2407.90,1.48,639.95,1.80,1013.70,2.68,1480.30,1.49,207.85,0.99,1760.70,1.60,1490.65,1.81,806.30,2.48,7112.65,1.64,17972.45,2.57,119.80,3.12,181.57,2.70,2211.65,1.87,425.95,1.80,669.10,2.13,114.21,4.69,3276.35,1.26,1069.10,2.20,1714.00,1.27,6585.70,1.83,555.35,1.64
15-06-2021,52751.83,3041.85,2.96,750.90,2.73,6160.70,1.61,1179.90,2.70,532.61,1.20,5410.85,1.50,985.40,0.99,2544.40,0.92,1490.10,1.26,2391.95,1.48,645.05,1.70,1033.55,2.33,1472.85,0.87,207.10,0.68,1771.60,0.97,1510.95,1.19,808.55,0.88,7168.45,0.94,17679.50,1.09,117.90,1.11,185.63,1.82,2249.70,1.49,429.50,1.05,673.20,1.47,117.44,2.22,3262.45,1.49,1066.90,2.83,1723.50,1.70,6666.05,1.27,557.85,1.19
14-06-2021,52492.34,2948.10,1.83,736.25,2.26,6194.20,4.60,1193.18,2.91,529.27,2.21,5461.35,2.70,984.15,1.28,2539.30,1.92,1479.40,1.58,2364.60,1.65,635.10,2.02,1024.20,3.40,1461.40,1.63,207.25,1.61,1768.25,1.95,1515.65,2.74,807.45,2.02,7176.80,1.67,17575.15,1.24,118.15,2.19,186.52,3.10,2245.30,2.84,430.35,3.74,677.25,1.92,116.49,3.39,3276.35,1.15,1069.15,2.03,1735.30,1.48,6678.40,1.65,561.60,1.85
11-06-2021,52477.19,2957.10,1.05,738.45,1.26,6118.80,3.02,1189.85,1.88,530.94,1.81,5453.00,3.81,983.45,2.01,2558.70,1.58,1486.20,0.94,2366.50,1.21,635.60,1.94,1015.45,1.91,1446.75,1.55,207.95,1.30,1795.45,1.20,1502.75,1.90,808.95,1.20,7220.70,0.90,17543.05,1.33,118.75,1.70,184.73,2.42,2213.00,2.07,429.55,2.41,681.25,1.69,115.90,4.64,3271.70,2.99,1073.35,2.57,1728.20,1.04,6661.85,2.09,554.30,1.34
10-06-2021,52143.90,2950.45,1.16,744.25,1.70,6087.60,7.67,1199.16,6.03,535.01,1.41,5292.05,1.29,968.50,1.57,2560.80,1.25,1481.55,1.08,2378.80,1.90,640.15,1.82,1023.65,2.22,1424.55,0.77,209.40,1.83,1799.55,1.55,1519.05,1.25,807.15,0.88,7199.15,1.47,17547.10,1.05,118.45,2.26,181.16,3.35,2182.70,2.42,432.25,2.56,676.10,1.21,111.46,2.04,3216.05,1.01,1063.95,1.62,1739.20,1.28,6708.30,1.53,554.25,1.95
09-06-2021,52401.41,2944.10,1.53,736.75,2.89,5674.15,2.86,1155.87,3.78,530.84,3.14,5222.80,1.96,971.85,2.10,2544.60,1.58,1479.75,2.01,2356.00,1.12,635.95,2.61,1003.40,3.81,1414.70,1.49,212.40,1.54,1782.50,2.10,1518.70,2.40,804.25,1.93,7240.00,1.88,17562.25,1.01,118.15,4.45,181.50,4.94,2174.75,2.94,421.45,3.38,672.80,2.52,110.09,3.06,3199.50,1.04,1051.90,1.83,1729.60,2.39,6724.70,1.59,544.05,2.28
08-06-2021,52428.72,2928.10,1.30,746.35,1.57,5756.50,1.70,1173.09,1.88,536.73,2.65,5274.75,2.83,967.05,2.29,2554.30,2.02,1484.00,1.31,2359.00,1.15,642.40,1.57,1020.05,2.29,1412.95,1.97,213.65,1.42,1796.45,1.79,1546.60,3.20,807.80,1.55,7335.70,1.02,17487.65,1.16,116.15,2.16,175.50,3.10,2214.70,1.30,427.15,2.05,678.85,2.22,111.05,3.09,3200.50,1.30,1058.55,2.34,1712.75,3.06,6790.30,2.29,550.50,1.09
07-06-2021,52231.38,2934.10,1.22,751.10,1.68,5728.20,2.92,1182.85,2.95,526.67,1.53,5219.20,1.17,949.65,1.58,2584.70,2.12,1499.20,1.09,2339.30,0.99,648.25,0.86,1025.10,2.25,1389.60,1.08,211.45,1.05,1816.55,0.90,1557.35,1.88,803.80,1.13,7279.30,1.63,17532.20,1.37,116.40,4.24,177.15,4.90,2227.30,2.62,432.40,1.58,675.05,1.14,112.83,2.16,3181.80,1.79,1032.40,1.86,1685.35,2.16,6848.65,3.55,548.30,1.50
04-06-2021,52367.52,2924.00,2.78,742.05,2.68,5993.55,2.02,1215.24,3.52,522.89,0.85,5255.00,0.92,936.95,0.97,2619.45,1.56,1501.15,1.47,2342.05,1.54,642.80,2.42,1009.25,1.89,1385.20,1.35,208.80,0.89,1810.20,1.57,1537.60,2.07,804.40,1.33,7213.95,1.56,17445.15,1.71,111.85,1.71,169.61,1.40,2190.60,1.61,433.60,2.35,674.20,0.94,111.99,1.96,3143.15,1.02,1018.75,1.50,1674.95,2.70,6663.10,0.97,541.10,0.97
03-06-2021,52121.58,2934.90,1.31,750.65,1.79,5901.65,2.36,1182.06,1.13,522.30,0.88,5282.55,1.39,939.85,1.32,2582.85,1.80,1520.20,2.47,2363.25,1.11,650.20,1.57,1005.85,7.39,1389.50,1.56,209.10,0.98,1814.75,1.95,1510.25,3.33,802.10,1.88,7207.45,1.54,17795.70,1.67,111.80,1.63,169.61,2.59,2209.25,2.45,439.65,1.96,675.50,1.09,112.17,2.34,3141.45,1.04,1013.90,1.39,1691.00,6.95,6635.80,1.17,539.00,2.16
02-06-2021,51749.10,2905.35,1.99,737.00,1.51,5808.00,1.83,1181.95,1.29,519.85,1.23,5312.35,1.34,943.45,1.43,2561.25,1.90,1504.10,1.20,2358.80,1.01,648.35,1.27,1028.00,2.87,1379.75,2.19,209.00,1.82,1782.60,1.46,1471.45,1.34,806.20,1.18,7183.10,2.19,17645.85,1.64,111.10,1.09,170.55,1.79,2201.30,2.38,437.20,2.07,677.65,1.88,112.36,2.17,3129.30,1.27,1016.90,3.61,1585.00,2.07,6592.90,1.79,543.05,2.23
01-06-2021,52067.51,2933.15,2.29,745.15,1.73,5786.10,3.41,1183.22,2.65,523.09,1.48,5316.50,1.40,950.55,1.05,2579.35,1.92,1511.45,1.22,2358.30,1.39,650.25,2.52,1009.75,2.51,1387.40,1.61,215.20,2.40,1797.70,2.04,1474.30,1.88,806.40,2.21,7091.05,1.35,17765.50,1.71,110.10,1.69,168.30,1.85,2168.25,2.53,432.60,2.32,671.25,1.35,110.03,3.92,3153.40,1.21,1030.40,1.84,1591.50,1.48,6600.75,2.49,542.70,1.33
31-05-2021,51476.22,2978.15,2.04,750.70,2.59,5621.15,1.80,1179.68,2.02,525.10,1.98,5309.15,3.17,945.20,2.27,2553.55,5.16,1516.40,2.13,2340.05,1.07,662.20,3.38,1013.45,1.76,1393.65,1.58,216.60,1.66,1807.80,1.52,1465.55,1.40,807.90,5.00,7087.35,2.51,17692.70,1.84,110.50,3.34,169.13,1.23,2160.45,5.26,424.25,1.91,668.30,2.49,112.57,2.77,3158.95,1.31,1021.85,1.86,1594.90,2.39,6710.10,1.97,538.90,1.72
28-05-2021,51381.27,2939.95,2.19,739.85,2.87,5609.55,2.83,1171.26,2.92,514.01,1.64,5194.55,2.52,943.65,1.19,2540.95,1.39,1501.15,2.27,2321.70,1.32,643.20,3.23,1018.85,2.17,1404.80,1.26,212.85,0.95,1800.10,2.04,1477.20,1.76,846.20,5.12,6955.95,1.78,17507.60,2.02,108.95,2.49,169.16,2.56,2094.90,6.04,422.05,3.24,669.65,4.81,110.38,4.22,3144.10,1.93,1026.15,1.97,1577.15,2.69,6597.00,2.25,538.65,1.58
27-05-2021,51128.80,2951.25,2.32,750.35,3.13,5683.30,2.32,1188.37,2.00,510.38,1.60,5268.85,1.03,941.35,2.22,2507.00,3.80,1479.40,1.80,2326.40,1.30,652.70,1.26,1006.75,2.57,1404.65,1.72,211.20,1.85,1778.25,3.42,1482.75,1.57,828.55,1.70,6964.15,1.78,17772.55,2.66,110.20,2.15,171.34,2.83,1978.20,1.48,425.30,4.11,699.75,2.28,109.66,3.22,3180.20,1.74,1019.60,2.46,1594.10,2.42,6679.90,2.08,541.30,3.77
26-05-2021,50899.58,2941.60,1.17,735.10,1.63,5771.65,3.70,1190.78,4.93,516.12,1.14,5285.20,1.14,945.55,1.73,2568.00,1.80,1476.50,1.29,2354.00,1.06,652.55,2.04,998.15,2.12,1397.35,2.79,210.55,1.00,1740.60,1.47,1472.90,1.63,822.50,1.59,7028.45,2.04,17526.80,1.27,111.15,2.84,169.27,3.71,1969.65,0.96,413.55,1.91,703.60,1.41,108.18,1.95,3158.20,1.94,1007.45,1.86,1582.65,2.35,6579.75,1.40,527.20,2.97
25-05-2021,50922.32,2914.30,3.43,731.55,2.64,5618.80,1.38,1137.11,1.62,516.41,1.16,5311.20,1.24,940.80,0.88,2528.90,1.79,1478.80,3.06,2344.05,1.36,649.80,1.50,993.55,3.17,1361.90,1.07,210.85,1.57,1750.40,1.93,1450.90,1.09,810.90,2.51,6909.75,0.84,17529.00,1.72,113.25,1.55,174.71,1.19,1964.50,1.88,412.25,1.80,696.05,1.09,110.49,2.36,3113.95,1.43,993.20,1.77,1569.30,2.57,6556.05,1.49,517.50,1.74
24-05-2021,50727.28,2818.95,1.39,741.15,2.86,5602.25,1.72,1116.19,2.42,517.05,1.36,5272.15,1.38,932.55,1.15,2540.45,1.71,1509.25,1.44,2336.55,1.49,647.80,2.40,1004.05,2.75,1348.15,1.26,211.50,2.02,1755.40,2.12,1443.25,3.18,810.20,2.14,6885.90,2.29,17375.75,1.54,112.85,1.56,173.14,2.60,1985.55,1.41,412.05,3.36,690.60,1.36,109.18,2.95,3081.85,0.98,984.35,1.62,1520.40,2.18,6571.35,1.95,514.95,1.67
21-05-2021,49833.98,2832.30,2.03,730.90,3.73,5630.80,1.90,1126.97,1.74,521.12,2.12,5216.45,1.41,930.65,1.24,2515.70,2.70,1497.00,4.23,2362.25,1.12,642.45,3.35,1016.25,4.08,1354.70,0.81,209.05,1.18,1757.55,2.61,1418.55,1.22,819.15,2.33,6811.65,1.26,17491.95,1.57,112.85,1.48,171.07,1.43,2000.90,1.46,401.10,6.96,690.35,0.90,111.25,1.59,3080.40,1.07,980.65,1.39,1539.15,1.20,6638.05,1.29,512.70,1.27
20-05-2021,49971.52,2795.20,2.43,705.90,1.40,5590.00,2.01,1122.55,1.49,511.11,2.05,5236.30,1.17,924.60,1.34,2445.05,1.97,1432.85,2.60,2344.15,0.94,618.55,2.64,975.50,2.68,1339.45,1.09,207.00,1.47,1708.55,1.79,1409.65,1.73,803.15,3.59,6737.55,1.32,17277.10,1.64,111.75,1.58,171.68,2.80,1985.30,1.50,384.55,1.57,686.80,2.58,110.49,3.73,3060.00,1.13,972.95,1.95,1531.35,2.89,6570.75,1.66,508.40,2.65
19-05-2021,50088.81,2816.65,1.79,716.80,3.06,5630.60,2.29,1120.59,2.39,518.57,2.73,5237.80,1.11,931.80,1.67,2459.35,2.63,1457.95,1.72,2359.75,1.54,625.25,1.66,967.10,1.98,1336.55,1.79,207.75,1.86,1730.70,1.68,1403.50,2.47,784.60,2.50,6775.60,1.39,17444.25,1.56,111.90,2.43,175.24,2.94,1996.35,2.26,384.25,2.23,703.40,2.29,116.43,2.71,3081.95,1.69,978.00,2.39,1521.85,2.44,6558.90,3.47,511.55,2.51
18-05-2021,49986.68,2821.35,1.72,711.65,2.47,5687.20,3.87,1140.80,2.46,526.42,3.41,5215.45,1.82,931.55,1.58,2501.95,1.58,1477.00,1.87,2374.25,1.75,633.10,1.46,974.50,2.25,1339.95,1.09,210.05,2.38,1754.60,1.15,1417.65,1.76,797.85,5.96,6810.75,2.15,17173.85,1.25,112.05,2.24,174.71,5.08,1987.80,1.55,382.35,3.29,690.85,1.61,117.95,3.38,3089.35,1.44,968.65,2.20,1539.65,4.74,6652.85,1.53,508.25,2.59
17-05-2021,48990.70,2782.75,2.71,709.25,3.78,5424.40,3.23,1124.76,3.82,539.43,4.01,5250.30,2.24,921.90,1.77,2485.90,2.42,1439.95,4.38,2376.25,1.20,623.60,3.82,956.20,7.50,1329.15,1.16,212.55,2.55,1744.00,2.39,1386.85,5.30,753.30,2.77,6723.50,2.09,17037.00,1.63,111.55,1.95,171.15,1.74,1960.55,1.66,383.40,5.95,686.95,2.89,115.07,4.95,3069.80,1.36,953.65,1.43,1467.85,2.28,6531.40,3.28,499.65,1.76
14-05-2021,48898.93,2773.60,9.19,685.00,2.52,5327.95,3.09,1096.81,2.60,550.23,2.34,5196.85,4.62,910.30,1.73,2421.80,1.62,1387.15,1.15,2376.85,2.42,597.25,1.63,891.40,4.01,1316.80,1.69,212.35,4.39,1707.30,2.06,1415.50,3.60,741.65,3.82,6738.15,2.06,17217.55,3.21,111.30,3.54,171.60,2.70,1936.85,1.84,360.50,3.62,691.10,3.51,113.21,6.64,3050.75,1.96,951.95,2.27,1456.00,3.13,6367.70,3.10,498.35,3.67
12-05-2021,49171.28,2556.10,2.30,691.30,2.42,5357.15,2.06,1108.64,2.36,551.45,1.93,5301.45,1.23,906.25,1.54,2438.70,2.29,1399.50,1.43,2328.95,2.75,594.95,2.19,917.25,3.94,1326.95,1.47,203.30,1.16,1718.55,2.57,1384.95,3.37,760.30,1.92,6820.40,2.29,16713.75,1.92,113.25,4.61,169.35,5.36,1913.55,1.38,367.85,3.15,702.65,2.02,117.86,7.21,3088.50,2.23,962.10,3.94,1454.80,2.37,6392.25,1.93,507.85,5.13
11-05-2021,49066.45,2556.60,1.60,707.35,1.52,5426.55,1.24,1119.64,1.45,557.74,1.82,5295.95,1.49,907.15,0.85,2463.05,2.14,1403.70,1.94,2402.10,1.33,609.75,1.52,949.05,3.62,1330.70,1.21,204.05,1.32,1755.85,1.92,1383.70,1.65,775.60,1.70,6738.95,1.32,16870.95,1.43,112.65,6.14,167.59,2.93,1933.70,1.50,364.45,3.27,707.85,3.57,123.39,5.92,3123.20,1.22,976.25,1.97,1435.95,1.70,6487.00,5.06,518.25,1.83
10-05-2021,49496.05,2557.50,1.76,715.25,1.54,5496.80,2.09,1133.79,2.36,562.15,1.37,5327.55,2.24,914.00,1.24,2530.95,1.86,1419.30,1.14,2432.90,1.28,613.10,1.40,945.25,1.98,1339.50,1.47,205.55,1.20,1810.20,1.18,1395.10,3.65,780.50,1.87,6757.35,1.61,16763.60,1.02,107.70,2.27,164.85,2.64,1925.70,1.34,361.80,2.23,698.15,2.86,121.65,2.42,3145.15,1.22,991.45,2.00,1454.40,1.67,6405.75,4.12,526.00,2.94
07-05-2021,49169.14,2551.50,1.91,716.75,1.81,5491.05,2.84,1131.56,3.43,558.03,2.82,5174.70,1.61,916.25,0.74,2496.25,2.79,1414.60,1.24,2411.20,1.12,606.75,1.81,925.60,3.08,1352.40,1.74,205.35,1.80,1779.95,2.15,1342.90,1.54,767.15,2.63,6702.90,1.72,16753.55,0.81,105.05,2.03,160.95,1.45,1931.30,1.53,358.20,2.58,679.50,1.92,118.24,5.58,3132.00,1.54,980.80,1.20,1448.70,1.31,6484.80,1.57,515.15,1.79
06-05-2021,48877.78,2548.85,2.03,715.75,1.77,5529.10,2.65,1103.00,1.74,548.07,2.11,5168.45,2.38,915.70,2.48,2430.55,2.25,1401.45,1.12,2390.00,1.66,608.65,1.78,924.95,2.07,1361.15,2.03,202.75,1.88,1786.85,1.68,1339.85,1.49,747.15,1.81,6665.90,2.02,16727.00,1.24,102.95,2.19,161.55,2.53,1929.90,1.41,355.50,2.54,679.25,3.47,110.06,8.12,3111.30,1.96,977.75,2.81,1443.55,1.19,6406.20,1.78,512.45,5.62
05-05-2021,48569.12,2567.65,2.91,717.20,2.72,5517.00,4.69,1110.88,2.47,549.59,2.06,5160.95,2.60,909.70,1.26,2378.25,2.08,1402.45,1.98,2394.65,2.76,602.65,3.33,931.35,2.78,1341.60,1.18,201.55,1.30,1770.30,3.75,1338.20,1.65,747.50,1.97,6591.90,1.83,16550.20,0.88,103.80,2.77,163.57,1.59,1919.75,1.56,355.35,2.76,683.30,7.44,106.89,4.00,3096.35,1.52,961.70,1.67,1427.65,1.99,6377.30,1.68,490.80,2.31
04-05-2021,48881.63,2588.15,1.77,700.35,2.94,5615.25,3.40,1098.89,3.21,541.93,3.85,5067.25,3.33,901.25,1.95,2377.25,2.64,1388.55,2.81,2407.65,1.94,591.55,3.23,910.15,3.15,1329.55,2.26,199.55,1.66,1732.15,2.24,1337.65,1.30,741.00,4.50,6508.10,2.39,16538.10,1.44,103.80,2.47,163.50,2.20,1916.55,2.96,351.60,3.58,645.00,3.50,106.40,2.68,3048.95,1.81,960.85,1.45,1403.80,2.81,6292.45,2.42,481.85,2.03
03-05-2021,48356.01,2583.15,3.46,702.75,2.30,5552.95,5.79,1104.78,3.71,548.41,6.23,5185.95,1.41,907.40,2.10,2419.00,2.83,1413.10,3.18,2408.00,3.21,597.00,1.96,913.95,7.53,1351.80,1.75,200.95,0.92,1724.30,4.32,1342.15,2.32,753.10,3.60,6598.30,3.44,16500.70,1.86,104.25,3.51,165.68,2.74,1959.25,1.82,350.45,3.12,658.80,2.06,106.46,5.06,3037.00,1.74,957.45,1.09,1423.60,4.32,6348.05,3.67,487.50,2.65
30-04-2021,49360.89,2540.10,3.14,714.90,3.52,5453.80,3.64,1103.95,3.27,527.41,2.54,5163.10,1.68,899.50,2.15,2420.15,4.70,1412.20,3.54,2353.75,4.83,600.40,3.14,934.95,3.60,1353.90,1.99,202.70,1.73,1748.60,3.51,1340.20,2.08,752.85,3.72,6459.80,2.02,16311.10,1.82,102.60,3.53,165.00,2.49,1994.45,2.47,353.45,3.39,654.70,4.07,103.39,4.08,3038.40,3.70,961.75,2.15,1491.95,3.05,6271.60,3.08,492.40,4.61
29-04-2021,50093.86,2613.55,2.78,719.40,2.81,5484.75,3.71,1118.46,7.26,531.43,2.00,5102.30,2.02,909.75,2.54,2531.10,4.93,1472.40,2.92,2407.60,2.72,621.25,3.19,939.00,4.54,1355.55,1.25,204.35,1.69,1807.10,3.62,1358.50,2.65,774.55,2.95,6567.90,1.69,16506.95,1.33,103.00,2.29,165.11,2.28,2023.20,1.84,359.25,4.07,644.60,1.62,103.16,5.60,3113.20,1.64,976.80,1.41,1506.30,2.02,6375.05,1.97,489.90,1.71
28-04-2021,49066.64,2616.00,1.72,708.15,3.54,5279.15,7.87,1049.16,4.49,534.28,2.23,5044.45,1.53,923.80,1.49,2576.40,3.94,1476.30,3.33,2406.55,3.33,621.10,5.51,927.05,4.74,1355.85,1.06,205.55,0.58,1811.80,3.93,1375.05,2.12,782.20,2.88,6571.10,1.60,16622.00,1.49,103.70,1.86,165.75,2.56,1996.05,1.35,363.30,2.46,643.10,1.34,97.11,2.53,3123.80,1.24,977.70,1.23,1508.25,1.57,6364.15,1.98,489.45,2.39
27-04-2021,48424.08,2574.65,1.72,699.55,2.89,4873.45,3.88,1008.57,1.76,524.61,2.17,5057.25,1.88,928.95,1.55,2517.70,1.57,1438.50,2.57,2379.85,1.42,598.80,1.81,882.25,3.10,1348.20,0.97,205.65,0.85,1750.15,2.08,1380.35,3.86,778.25,1.33,6558.20,2.52,16783.20,0.92,102.00,1.87,162.45,2.16,1988.90,2.92,352.90,3.46,639.50,1.67,97.71,4.12,3131.60,1.03,969.25,4.36,1495.15,1.48,6326.30,1.77,485.00,1.20
26-04-2021,48197.37,2557.85,1.64,700.45,2.82,4730.60,3.71,999.86,2.23,517.84,0.86,5066.70,1.98,928.40,2.76,2509.00,1.96,1404.90,1.83,2360.65,2.54,590.75,2.92,859.35,2.72,1343.65,2.19,205.30,1.00,1759.55,2.80,1335.85,1.44,780.45,2.25,6640.60,2.86,16866.45,1.13,102.55,2.72,161.48,3.49,1937.45,2.57,344.35,2.68,634.55,2.37,94.04,2.80,3101.10,2.07,963.15,3.52,1480.45,1.70,6277.20,2.91,480.10,1.33
23-04-2021,47863.81,2518.20,2.71,671.35,4.09,4665.10,3.23,991.90,4.23,512.24,2.81,5066.70,4.69,955.80,2.57,2497.30,2.73,1414.30,2.47,2307.75,2.17,570.05,2.34,850.00,4.45,1333.85,1.31,205.35,1.40,1735.30,2.02,1322.90,2.24,778.60,3.96,6674.90,2.29,16624.45,1.63,102.55,5.59,158.40,4.54,1904.40,1.21,336.45,2.55,637.65,2.49,92.52,3.80,3109.80,0.90,950.40,2.58,1460.95,3.14,6058.40,2.57,475.70,2.73
22-04-2021,47501.71,2509.55,2.61,658.70,4.19,4691.70,4.77,985.51,3.15,521.07,1.45,5199.85,2.54,961.15,1.74,2479.30,4.71,1422.05,4.08,2349.40,2.49,579.15,6.10,835.75,3.04,1351.05,1.42,205.85,2.74,1736.75,4.32,1336.20,2.45,799.65,2.35,6650.40,1.97,16778.65,3.91,99.20,2.78,152.70,2.09,1906.05,1.96,336.60,4.18,640.25,3.25,92.12,4.56,3119.10,1.42,968.25,2.55,1480.90,3.84,6093.50,4.32,486.60,5.21
20-04-2021,48473.04,2555.65,2.83,651.75,2.95,4610.00,3.02,982.11,4.09,520.39,2.13,5156.75,2.38,961.40,5.21,2414.90,5.56,1390.75,3.26,2397.45,3.03,559.00,3.60,844.80,2.98,1350.70,2.70,203.55,2.42,1698.25,2.85,1331.50,1.61,810.35,2.49,6644.80,1.80,17086.25,2.88,98.90,2.80,152.77,2.01,1901.40,1.55,329.60,4.06,645.05,3.18,89.43,2.69,3144.10,2.97,984.10,3.48,1522.85,3.31,6203.15,8.20,469.95,2.53
19-04-2021,47940.81,2571.95,3.07,648.15,3.85,4478.05,3.29,947.10,2.69,516.76,2.42,4968.10,4.12,996.85,4.42,2493.75,2.32,1411.90,3.25,2436.65,1.89,559.60,5.90,831.70,3.06,1362.60,3.48,205.60,1.13,1701.05,2.70,1310.80,3.03,794.70,3.32,6517.40,2.88,17090.35,1.70,99.10,1.62,150.86,3.50,1902.55,1.35,331.25,3.43,640.30,2.51,88.69,5.14,3163.10,1.85,1000.80,2.71,1518.70,1.83,6509.35,2.50,472.65,3.73
16-04-2021,48935.74,2665.80,4.36,669.20,1.95,4616.55,2.39,982.24,1.20,530.59,1.11,4893.25,2.59,1012.55,2.22,2573.55,1.72,1428.45,1.51,2458.90,1.60,566.60,2.39,865.35,3.62,1352.55,1.78,207.95,1.33,1765.55,1.47,1359.70,2.68,822.10,4.35,6649.65,2.59,17238.10,2.71,102.40,2.29,157.43,3.42,1934.00,1.19,339.90,1.99,646.05,3.68,88.96,3.11,3193.30,2.02,1010.60,1.92,1549.95,1.87,6716.85,3.94,469.25,8.35
15-04-2021,48512.77,2586.45,2.32,668.85,2.92,4660.25,4.60,974.77,3.42,529.27,2.95,4845.55,1.88,991.40,3.75,2547.00,2.37,1430.15,3.21,2460.65,3.13,575.50,4.09,858.30,5.06,1361.50,3.50,206.70,2.18,1772.70,3.18,1374.65,2.39,805.20,3.06,6652.00,4.18,16871.90,4.26,101.30,3.68,155.85,2.01,1943.90,2.46,342.40,3.50,632.95,2.41,89.79,3.65,3218.95,5.00,993.90,3.80,1537.40,2.52,6537.30,4.78,431.00,4.58
13-04-2021,47991.53,2571.50,2.35,661.00,5.53,4727.40,5.78,981.00,7.54,526.13,2.89,4777.30,8.28,981.85,4.94,2512.25,4.51,1400.30,3.35,2454.40,2.33,560.45,4.78,880.65,6.45,1398.60,4.43,208.70,1.95,1775.85,3.51,1373.50,2.67,811.65,8.51,6818.45,5.74,17162.15,3.27,100.45,1.86,156.68,3.45,1931.90,1.14,340.95,3.51,627.40,3.11,87.89,3.84,3105.00,5.06,1001.30,6.78,1530.65,2.35,6604.80,2.22,418.65,5.96
12-04-2021,48956.65,2600.65,2.13,635.60,4.52,4512.95,7.95,916.22,4.16,512.73,3.94,4996.95,9.05,1009.05,4.17,2420.65,2.10,1366.60,3.44,2462.00,2.08,538.40,3.87,844.40,5.81,1425.80,4.57,205.35,2.80,1742.25,2.55,1345.10,4.68,751.40,6.10,6518.65,3.80,17495.70,1.61,98.95,3.87,150.82,4.23,1911.30,3.46,328.80,6.85,619.15,5.03,85.14,5.94,3241.45,3.92,1038.10,4.03,1508.40,5.84,6505.50,4.49,432.50,5.76
09-04-2021,49743.39,2628.65,1.57,668.20,2.97,4873.20,3.73,963.00,1.60,535.31,2.39,4760.30,2.19,1044.95,1.96,2514.25,2.59,1421.65,1.17,2476.00,2.43,566.45,2.50,923.90,2.40,1440.75,1.65,213.05,1.55,1799.15,3.55,1404.00,1.57,791.35,2.01,6830.05,1.37,17580.60,1.88,102.75,3.37,156.23,1.63,1982.65,1.35,353.05,3.82,636.95,5.27,89.92,4.98,3322.20,1.51,1052.65,3.94,1591.75,3.66,6826.05,3.75,449.45,2.75
08-04-2021,49885.26,2650.60,1.14,681.60,2.38,5030.35,1.96,965.56,1.61,532.95,1.53,4689.05,2.03,1037.45,2.19,2502.20,1.76,1433.55,2.14,2409.90,1.81,576.75,2.18,935.35,2.71,1439.80,1.81,213.15,1.55,1783.60,2.45,1419.10,1.92,794.85,2.23,6826.55,1.85,17667.90,2.47,104.95,1.62,156.75,2.42,2005.00,1.39,355.60,2.57,614.30,2.17,91.76,8.06,3316.50,2.07,1028.30,4.64,1573.75,3.86,6976.95,3.85,441.90,1.20
07-04-2021,49277.09,2627.65,2.58,688.25,3.52,5076.75,3.40,953.93,1.98,531.53,2.20,4692.65,2.00,1037.10,2.00,2481.80,2.02,1447.35,2.42,2405.25,2.00,577.55,3.57,945.45,3.31,1430.25,1.99,213.80,1.15,1791.55,3.64,1403.90,1.97,796.40,2.78,6864.90,1.82,17420.65,4.77,105.45,2.33,158.10,3.15,2002.80,2.71,358.45,4.40,620.80,1.94,87.47,2.54,3270.75,1.32,1003.05,2.41,1513.95,3.49,6756.45,2.04,438.00,4.01
06-04-2021,49441.13,2612.65,4.55,677.90,2.66,4992.25,2.12,952.06,1.57,522.30,2.44,4619.25,2.16,1028.50,2.00,2472.80,2.05,1440.95,2.04,2408.30,1.42,565.95,2.45,927.10,3.53,1411.15,1.40,212.60,2.36,1768.40,3.01,1400.85,1.62,781.20,1.95,6751.95,1.87,17078.30,1.73,105.95,2.13,156.94,5.03,1983.65,1.78,350.55,2.20,620.05,2.89,86.29,2.81,3263.85,1.49,991.50,1.92,1525.85,2.51,6734.45,2.05,426.95,1.60
05-04-2021,50020.91,2510.50,2.79,685.25,4.58,4963.70,7.01,948.89,6.55,518.47,2.83,4556.60,3.62,1033.45,3.73,2446.00,7.20,1449.00,3.75,2373.20,3.01,571.15,5.22,937.35,7.51,1410.15,2.89,212.60,4.20,1759.50,3.48,1403.55,4.49,774.35,5.17,6768.35,2.91,16909.20,2.56,106.10,4.34,160.61,2.57,1992.80,3.22,353.65,5.69,608.60,3.27,86.74,4.82,3239.30,3.53,997.25,2.91,1534.75,3.90,6794.35,3.80,425.50,2.71
01-04-2021,49868.53,2553.15,1.17,713.00,3.08,5270.00,2.38,979.02,1.55,511.31,1.88,4587.65,1.61,1002.60,2.12,2530.95,2.32,1486.50,2.19,2399.10,2.29,593.95,2.71,993.35,4.09,1385.30,1.52,220.05,1.52,1804.45,3.52,1444.55,1.92,808.05,3.79,6922.60,2.02,17102.15,1.03,107.75,1.59,164.06,2.17,2021.70,1.33,370.55,2.42,610.85,2.54,86.29,6.11,3165.90,2.22,991.75,2.12,1558.50,2.67,6898.45,3.01,416.20,1.99
